"","vacvac","vaccrem","vacother","vacliom","cremvac","cremcrem","cremother","cremliom","othervac","othercrem","otherother","otherliom","liomvac","liomcrem","liomother","liomliom"
"1",0.981134423755816,0.000924365317463889,0.00979132145227383,0.00814988947444592,0.960144067259836,0.00160899838892406,0.032187075285932,0.00605985906530744,0.983322150175916,0.00133896797615427,0.00800280610628604,0.00733607574164422,0.96574581835424,0.000783934724280788,0.00465547184042843,0.0288147750810506
"2",0.980655033389567,0.000955302272082084,0.00999666887648321,0.00839299546186796,0.959252365192085,0.00166211667052359,0.0328476452484105,0.00623787288898089,0.982889830721754,0.00138384876336411,0.00817104428729764,0.0075552762275839,0.964780434502588,0.000809757488948598,0.00475067811100632,0.0296591298974569
"3",0.980163303757297,0.000987261970048319,0.0102061920025432,0.0086432422701114,0.958341013595422,0.00171695187221055,0.0335210557055265,0.00642097882684066,0.982446127273858,0.00143021705779402,0.00834272095397641,0.00778093471437156,0.963788543241835,0.000836407012528986,0.00484769320641169,0.0305273565392239
"4",0.979658919922409,0.00102027744607147,0.0104199693687164,0.00890083326280296,0.957409603270149,0.00177355739047469,0.0342075241493249,0.00660931519005141,0.981990741218254,0.00147812111724009,0.00851790153728536,0.00801323612722088,0.962769468352599,0.00086390827789636,0.00494654457346741,0.0314200787960374
"5",0.979141559344912,0.00105438275420156,0.0106380806751372,0.00916597722574929,0.956457717897969,0.00183198816249718,0.0349072702873074,0.00680302365222687,0.981523366454746,0.00152761070027152,0.00869665247063103,0.0082523703743517,0.961722519596585,0.000892286930405196,0.00504725971949392,0.0323379337535157
"6",0.978610891729196,0.00108961299633528,0.0108606067845828,0.00943888848988623,0.955484933994767,0.00189230070371742,0.0356205159917824,0.00700224930973265,0.981043689235895,0.00157873710885172,0.00887904119247672,0.00849853246277655,0.960646992624024,0.000921569289650833,0.00514986619089316,0.0332815718954324
"7",0.978066578870767,0.00112600435133288,0.0110876297221955,0.00971978705570486,0.954490820867668,0.00195455314591001,0.036347485244585,0.0072071407418376,0.980551388004284,0.00163155323191189,0.00906513614815819,0.00875192261564639,0.959542168894295,0.000951782361049842,0.005254391550445,0.03425165719421
"8",0.977508274502077,0.00116359410474716,0.0113192326740931,0.0100088987190828,0.953474940576654,0.00201880527575215,0.0370884040769699,0.00741785007062363,0.980046133228171,0.00168611358988085,0.00925500679084915,0.00901274639109905,0.958407315610805,0.000982953847206283,0.00536086335327081,0.0352488671887177
"9",0.976935624137598,0.0012024206791642,0.0115554999847973,0.0103064551984404,0.952436847901107,0.0020851185738597,0.0378435005044743,0.00763453302055836,0.979527587235657,0.00174247438017388,0.00944872358162172,0.00928121480254747,0.9572416856712,0.00101511215902795,0.00546930912141798,0.0362738930483536
"10",0.9763482649183,0.00124252366515442,0.0117965171534107,0.0106126942631353,0.951376090311562,0.00215355625426771,0.0386130044565417,0.00785734897762876,0.978995404047477,0.00180069352364134,0.00964635798854408,0.00955754444033717,0.956044517634075,0.00104828642655459,0.0055797563170195,0.0373274396223513
"11",0.975745825455704,0.00128394385283107,0.0120423708284691,0.0109278598629963,0.950292207947049,0.00222418330432869,0.0393971477006948,0.00808646104792802,0.978449229208573,0.0018608307119764,0.00984798248475588,0.00984195759469495,0.954815035703355,0.00108250650945778,0.00569223231398239,0.0384102254732046
"12",0.975127925675703,0.00132672326401254,0.0122931488013906,0.0112522022588939,0.94918473359838,0.00229706652499952,0.0401961637610389,0.00832203611558152,0.977888699618579,0.00192294745607953,0.0100536705454585,0.0101346823798828,0.953552449731617,0.00111780300716978,0.00580676436815903,0.0395229828930543
"13",0.974494176662344,0.00137090518498269,0.0125489399984443,0.0115859781542293,0.948053192697748,0.00237227457148498,0.0410102878308759,0.00856424489989096,0.977313443361407,0.00198710713537515,0.0102634966437553,0.0104359528594619,0.95225595524361,0.00115420726859641,0.00592337958595563,0.0406664579018384
"14",0.973844180501785,0.00141653419984255,0.0128098344711536,0.0119294508272187,0.946897103315026,0.00244987799420309,0.0418397566792018,0.00881326201156911,0.976723079534089,0.00205337504807391,0.010477536245274,0.0107460091725635,0.950924733481342,0.0011917514013664,0.00604210489133259,0.0418414102259587
"15",0.973177530126671,0.0014636562244449,0.0130759233850502,0.012282890263834,0.945715976161176,0.00252994928003454,0.0426848085508584,0.00906926600793066,0.976117218075076,0.00212181846237199,0.0106958658015007,0.0110650976610518,0.949557951472113,0.00123046828056722,0.00616296699115229,0.0430486132561677
"16",0.972493809161156,0.0015123185409012,0.0133472990066877,0.012646573291255,0.944509314599182,0.00261256289381519,0.043545683060106,0.00933243944689701,0.975495459592215,0.00219250666857591,0.0109185627417516,0.0113934709974575,0.948154762120917,0.00127039155691483,0.00628599233883034,0.0442888539833376
"17",0.971792591766855,0.0015625698326492,0.0136240546888241,0.0130207837116715,0.943276614662927,0.0026977953200276,0.0444226210773792,0.00960296893966592,0.974857395190608,0.00226551103213924,0.0111457054637076,0.0117313883135451,0.946714304328726,0.00131155566430206,0.00641120709624781,0.0455629329107236
"18",0.971073442489993,0.00161446022006672,0.0139062848536763,0.0134058124362637,0.942017365084479,0.00278572510464389,0.0453158646089879,0.00988104520188884,0.974202606300605,0.00234090504759448,0.0113773733224303,0.01207911532937,0.945235703138159,0.00135399582666801,0.0065386370938831,0.0468716639412903
"19",0.970335916110059,0.0016680412966158,0.0141940849741481,0.0138019576191771,0.940731047330222,0.00287643289706875,0.0462256566695178,0.0101668631031911,0.973530664506193,0.00241876439336049,0.0116136466177795,0.0124369244826672,0.943718069908126,0.00139774806412757,0.00666830778912359,0.048215874238623
"20",0.969579557490281,0.00172336616549847,0.014487551552929,0.0142095247912913,0.939417135646322,0.00297000149212787,0.0471522411466889,0.0104606217148618,0.97284113137405,0.00249916698740272,0.0118546065801449,0.0128050950584024,0.942160502519075,0.00144284919829814,0.00680024422271937,0.0495964040599073
"21",0.968803901430268,0.00178048947680368,0.0147867820993578,0.0146288269935704,0.938075097114003,0.00306651587204295,0.0480958626584207,0.0107625243555329,0.972133558283574,0.00258219304371998,0.0121003353544055,0.013183913318301,0.940562085610486,0.00148933685675733,0.00693447097334322,0.0510141065594138
"22",0.96800847252117,0.0018394674651217,0.0150918751039424,0.0150601849097663,0.936704391715153,0.00316606324833062,0.0490567664018599,0.0110727786346563,0.971407486258189,0.00266792512962788,0.0123509159820238,0.0135736726301595,0.938921890852325,0.00153724947656299,0.00707101211022368,0.0524698475608885
"23",0.967192785003747,0.00190035798760027,0.015402930010421,0.0155039269982317,0.935304472408742,0.00326873310355839,0.0500351979941174,0.0113915964935826,0.970662445798288,0.00275644822380528,0.0126064323811801,0.0139746735967271,0.937238977252205,0.00158662630676417,0.00720989114382076,0.0539645052972101
"24",0.966356342629754,0.00196322056241347,0.0157200471852514,0.015960389622581,0.933874785218613,0.00337461723288647,0.0510314033044671,0.0117191942440333,0.969897956716151,0.00284784977506594,0.0128669693248505,0.0143872241839321,0.935512391500011,0.00163750740982864,0.0073511309745172,0.0554989701156435
"25",0.96549863852706,0.00202811640761153,0.0160433278844059,0.0164299171809226,0.932414769333175,0.00348380978531973,0.0520456282777554,0.0120557926037501,0.969113527973251,0.00294221976181312,0.0131326124167262,0.0148116398482092,0.933741168351805,0.00168993366191045,0.00749475383930147,0.0570741441469834
"26",0.964619155068967,0.00209510848031641,0.01637287421735,0.0169128622333664,0.930923857217538,0.00359640730458977,0.0530781187487738,0.0124016167290984,0.968308657520329,0.00303965075213044,0.0134034480648693,0.0152482436626712,0.931924331054842,0.00174394675187765,0.00764078125642295,0.0586909409368579
"27",0.963717363748203,0.00216426151622495,0.0167087891080789,0.0174095856274933,0.929401474738685,0.00371250876958193,0.0541291202473453,0.012756896244388,0.967482832140696,0.00314023796445722,0.0136795634529999,0.0156973664418465,0.930060891815541,0.00179958917901858,0.00778923396800392,0.0603502850374363
"28",0.96279272505609,0.00223564206937742,0.0170511762530797,0.0179204566214524,0.927847041304229,0.00383221563421752,0.0551988777938823,0.0131218652676708,0.966635527297216,0.00324407932879155,0.0139610465093008,0.0161593468646915,0.928149852312296,0.00185690424934185,0.00794013188059789,0.0620531115577646
"29",0.961844688367431,0.00230931855214603,0.0174001400760895,0.0184458530043333,0.926259970015371,0.00395563186669632,0.0562876356851717,0.0134967624327605,0.965766206983451,0.00335127554835859,0.0142479858726284,0.0166345315955619,0.926190204254985,0.00191593607038341,0.00809349400368916,0.0638003656709423
"30",0.960872691831658,0.00238536127539364,0.0177557856795094,0.0189861612134387,0.924639667834635,0.0040828639879995,0.0573956372701518,0.0138818309072142,0.964874323579499,0.00346193016167628,0.0145404708560114,0.0171232754028131,0.924180929993095,0.0019767295444315,0.00824933838613397,0.0655930020763396
"31",0.959876162270851,0.00246384248874913,0.018118218792338,0.0195417764480622,0.922985535769003,0.00421402110954742,0.058523124715446,0.0142773184060034,0.963959317713063,0.00357614960494404,0.0148385914073165,0.0176259412746761,0.922121003174313,0.00203933036007835,0.00840768205055042,0.067431984415058
"32",0.958854515085225,0.00254483642094138,0.0184875457144803,0.0201131027793529,0.921296969069073,0.0043492149699019,0.0596703387604288,0.014683477200596,0.96302061812633,0.00369404327467404,0.0151424380669602,0.0181429005320361,0.920009389455487,0.00210378498200548,0.0085685409256704,0.0693182846368373
"33",0.957807154166757,0.00262841932012928,0.018863873257287,0.0207005532558268,0.919573357444843,0.00448855997039664,0.0608375184616034,0.0151005641231566,0.962057641549268,0.00381572359047779,0.0154521019225377,0.018674532937717,0.917845047267791,0.00217014063890796,0.00873192977667486,0.071252882316626
"34",0.956733471821604,0.00271466949416073,0.0192473086801774,0.0213045500040583,0.917814085298776,0.00463217320957407,0.0620249009260795,0.0155288405655708,0.961069792579988,0.00394130605791364,0.0157676745602422,0.0192212268018559,0.915626928637945,0.0022384453094612,0.00889786213354091,0.0732367639190527
"35",0.955632848702052,0.00280366735068825,0.0196379596231937,0.0219255243240664,0.916018531976768,0.00478017451630114,0.0632327210339504,0.0159685724729808,0.96005646357284,0.00407090933129358,0.0160892480129405,0.0197833790829255,0.913353980067265,0.00230874770623298,0.00906635021743827,0.075270922009064
"36",0.954504653748722,0.00289549543706401,0.020035934035336,0.0225639167788776,0.914186072037671,0.00493268648143093,0.0644612111493776,0.0164200303315209,0.959017034534949,0.00420465527633982,0.0164169147047733,0.0203613954839381,0.911025143470302,0.00238109725744216,0.00923740486522105,0.0773563544070349
"37",0.953348244143816,0.00299023847993161,0.0204413400985224,0.0232201772777298,0.912316075542001,0.005089834487871,0.0657106008202041,0.0168834891499236,0.957950873031942,0.00434266903257363,0.0167507673921408,0.0209556905433433,0.908639357174759,0.00245554408646539,0.009411035452071,0.0794940632867046
"38",0.952162965276208,0.00308798342442632,0.0208542861470179,0.0238947651523475,0.910407908360489,0.00525174673891348,0.0669811164659312,0.0173592284346665,0.956857334103652,0.00448507907531044,0.0170908991009357,0.0215666877201021,0.906195556984296,0.00253213898899227,0.00958724981235803,0.0816850542143534
"39",0.950948150719236,0.0031888194728897,0.0212748805821755,0.024588149225699,0.908460932503099,0.00541855428467629,0.0682729810539081,0.0178475321583162,0.955735760190594,0.00463201727712644,0.0174374030598824,0.0221948194723968,0.90369267730577,0.00261093340773023,0.0097660541587949,0.0839303351277046
"40",0.94970312222206,0.00329283812299862,0.0217032317823289,0.025300807872613,0.906474506469177,0.00559039104649865,0.0695864137636016,0.0183486887207226,0.954585481072101,0.00478361896865264,0.0177903726298396,0.0228405273294068,0.901129652342341,0.0026919794045606,0.00994745299997413,0.0862309152531243
"41",0.948427189715511,0.00340013320520236,0.0221394480076794,0.0260332290716072,0.904447985619337,0.00576739383912836,0.0709216296388285,0.0188629909027062,0.953405813816979,0.00494002299854298,0.0181499012289218,0.0235042619555564,0.89850541735378,0.00277532963004845,0.0101314490563874,0.0885878039597846
"42",0.947119651333375,0.00351080091935506,0.0225836373000166,0.0267859104472538,0.902380722569734,0.00594970239053228,0.0722788392278572,0.019390735811877,0.952196062747646,0.00510137179245292,0.0185160822532929,0.0241864832066078,0.895818909985177,0.00286103729021056,0.0103180431750399,0.091002009549572
"43",0.945779793450089,0.00362493987042419,0.0230359073771124,0.0275593593023746,0.900272067609325,0.00613745935915589,0.0736582482113032,0.019932224820216,0.950955519418707,0.00526781141085509,0.0188890089934881,0.0248876601769495,0.893069071665121,0.00294915611044772,0.0105072342427855,0.0934745379816455
"44",0.944406890735885,0.00374265110314891,0.0234963655216319,0.0283540926393342,0.898121369140733,0.00633081034845181,0.0750600570177691,0.0204877634930462,0.949683462610982,0.00543949160550746,0.019268774546114,0.025608271237396,0.890254849074236,0.00303974029655061,0.0106990190985217,0.0960063915306915
"45",0.943000206230415,0.00386403813551496,0.0239651184644024,0.0291706371696671,0.89592797414529,0.0065299039184918,0.0764844604272043,0.0210576615090139,0.948379158342049,0.00561656587437906,0.019655471720782,0.0263488040627897,0.887375195684827,0.00313284449269146,0.0108933924443988,0.0985985673780824
"46",0.941558991435963,0.00398920699090579,0.0244422722618844,0.0300095293112465,0.893691228672843,0.00673489159447107,0.077931647161987,0.0216422325706992,0.947041859894383,0.00579919151482644,0.0200491929421271,0.027109755648663,0.884429073372155,0.00322852373631808,0.0110903467562099,0.101252056135317
"47",0.940082486431349,0.00411826622878211,0.0249279321676936,0.030871315172175,0.891410478356861,0.00694592787190868,0.079401799465761,0.0222417943054696,0.945670807862239,0.00598752967480305,0.020450030146767,0.0278916323161907,0.88141545409767,0.00332683340987132,0.0112898721931472,0.103967840299312
"48",0.938569920007698,0.00425132697373442,0.0254222024980227,0.0317565505205445,0.889085068955376,0.00716317021834252,0.0808950926700913,0.0228566681561901,0.944265230218441,0.00618174540187106,0.0208580746750564,0.0286949497046314,0.878333321664298,0.0034278291892525,0.0114919565071206,0.106746892639329
"49",0.937020509827247,0.00438850294274559,0.025925186490818,0.0326658007391895,0.886714346918249,0.00738677907131265,0.082411694749036,0.0234871792614026,0.942824342402304,0.00638200768977379,0.0212734171574948,0.0295202327504272,0.875181673543628,0.00353156698897387,0.0116965849518561,0.109590174515542
"50",0.935433462606415,0.00452991047049261,0.0264369861585691,0.0335996407645231,0.884297659981224,0.00761691783242233,0.0839517658617682,0.0241336563245854,0.941347347429938,0.00658848952231339,0.0216961473956469,0.0303680156521014,0.871959522774574,0.00363810290393166,0.0119037401920027,0.112498634129492
"51",0.933807974324389,0.00467566853250879,0.0269577021345785,0.0345586550085238,0.88183435778721,0.00785375285726157,0.0855154578834208,0.0247964314721078,0.93983343602823,0.00680136791426669,0.0221263542374405,0.0312388418200623,0.868665899932795,0.00374749314774991,0.0121134022124964,0.115473204706959
"52",0.932143230458492,0.00482589876601963,0.0274874335125798,0.0355434372629089,0.879323792535164,0.0080974534409746,0.0871029139243641,0.0254758400994968,0.938281786793838,0.00702082394905845,0.0225641254467084,0.0321332638103952,0.865299855169863,0.00385979398765137,0.0123255482284438,0.118514802614042
"53",0.930438406247649,0.0049807254882576,0.0280262776795861,0.0365545905845071,0.876765319656941,0.00834819179924888,0.0887142678381739,0.0261722207056359,0.936691566378564,0.00724704281289838,0.0230095475668471,0.033051843241691,0.86186046032082,0.00397506167582195,0.0125401525958075,0.121624325407551
"54",0.928692666985276,0.005140275712053,0.0285743301418543,0.037592727160817,0.874158298522387,0.0086061430445006,0.0903496437185889,0.0268859147145233,0.935061929702517,0.00748021382507501,0.0234627057784709,0.0339951506939376,0.85834681107843,0.00409335237724566,0.0127571867231888,0.124802649821136
"55",0.92690516834293,0.00530467915848983,0.0291316843438649,0.0386584681547156,0.871502093172943,0.00887148515702905,0.0920091553858038,0.0276172662842242,0.933392020196501,0.00772053046408607,0.0239236837509453,0.0349637655884676,0.854758029232062,0.00421472209399838,0.0129766189850221,0.128050629688918
"56",0.925075056726113,0.0054740682664079,0.0296984314802233,0.0397524435272558,0.868796073083931,0.00914439895091041,0.0936929058624973,0.0283666221026609,0.931680970075102,0.00796819038927155,0.0243925634876934,0.0359582760479328,0.851093264968755,0.00433922658600178,0.0131984146365112,0.131369093808732
"57",0.923201469663594,0.00564857819852401,0.0302746603004057,0.0408752918374762,0.866039613955663,0.00942506803440041,0.0954009868400418,0.0291343311698946,0.929927900641972,0.00822339545760213,0.0248694251651748,0.0369792787352512,0.847351699233605,0.00446692128825161,0.013422535730652,0.134758843747492
"58",0.921283536231656,0.00582834684393763,0.0308604569062822,0.0420276600181237,0.86323209853342,0.00971367876461453,0.0971334781353987,0.0299207445665672,0.928131922628841,0.00848635173526253,0.0253543469654491,0.0380273786704475,0.843532546146206,0.00459786122454969,0.0136489410377051,0.138220651591539
"59",0.919320377514678,0.00601351481677856,0.0314559045423663,0.0432102031261768,0.860372917456301,0.0100104201962548,0.0988904471392577,0.0307262152081861,0.926292136569812,0.0087572695036556,0.0258474049022449,0.0391031890242877,0.839635055469427,0.00473210091778383,0.013877585967492,0.141755257645297
"60",0.917311107103454,0.00620422545074657,0.0320610833787571,0.044423584067042,0.857461470134855,0.0103154840241533,0.10067194825604,0.0315510975849519,0.924407633212502,0.00903636325944036,0.0263486726404682,0.0402073308875891,0.835658515126364,0.00486969429681668,0.0141084224949073,0.145363368081911
"61",0.91525483163267,0.00640062478928617,0.0326760702867568,0.0456684732912875,0.854497165657311,0.010629064519404,0.102478022336437,0.0323957474868482,0.922477493967627,0.00932385170820403,0.0268582213090982,0.0413404330150706,0.831602253760837,0.00501069460006155,0.0143413990890492,0.149045652550052
"62",0.913150651358934,0.00660286157113233,0.0333009386071654,0.0469455484627681,0.851479423724168,0.0109513584588573,0.104308696103238,0.0332605217137362,0.920500791398622,0.00961995775135595,0.0273761193074302,0.042503131542592,0.827465643336329,0.00515515427584155,0.014576460646384,0.152802741741445
"63",0.91099766078077,0.00681108721095683,0.0339357579112775,0.048255494096996,0.84840767561079,0.0112825650477569,0.106163981571235,0.0341457777702178,0.918476589752912,0.00992490846581894,0.0279024321046464,0.0436960696766223,0.823248101767785,0.00530312487964748,0.0148135484283717,0.156635224924196
"64",0.908794949301927,0.00702545577483878,0.0345805937546267,0.049599001168608,0.845281365157553,0.0116228858352996,0.108043875462085,0.0350518735450624,0.916403945536441,0.0102389350760825,0.028437222032708,0.0449198973547688,0.818949095580178,0.00545465696842967,0.015052600003988,0.160543647447405
"65",0.906541601939387,0.00724612395027745,0.0352355074235478,0.0509767666867878,0.842099949787003,0.0119725246229096,0.10994835861507,0.0359791669750171,0.914281908133053,0.0105622729181713,0.0289805480725844,0.0461752708761915,0.814568142587283,0.00560979999207951,0.015293549197587,0.164528508223051
"66",0.904236700077375,0.0074732510104604,0.0359005556746541,0.0523894932375106,0.838862901547367,0.0123316873650219,0.111877395394756,0.0369280156928553,0.91210952047034,0.0108951613950722,0.0295324656338549,0.0474628525007326,0.810104814583586,0.00576860218227773,0.015536326042555,0.168590257191581
"67",0.90187932226866,0.00770699877249612,0.0365757904673549,0.0538378884914891,0.835569708181644,0.0127005820621789,0.113830933096623,0.0378987766595536,0.909885819733514,0.0112378439231546,0.03009302632774,0.0487833100155913,0.805558740041759,0.00593111043890817,0.0157808567412089,0.172729292778124
"68",0.899468545084392,0.00794753154931641,0.037261258689566,0.0553226646767253,0.832219874221392,0.0130794186462539,0.115808901351833,0.0388918057805212,0.907609838128862,0.0115905678691089,0.0306622777336446,0.0501373162683842,0.800929606807655,0.00609737021425813,0.0160270636313961,0.17694595934669
"69",0.897003444013655,0.00819501609495166,0.0379570018768015,0.0568445380145923,0.828812922104193,0.0134684088576274,0.117811211532328,0.0399074575058519,0.905280603698306,0.0119535844769247,0.0312402631593212,0.0515255486654481,0.796217164784302,0.00626742539524891,0.0162748651602525,0.181240544660196
"70",0.894483094413849,0.00844962154288011,0.038663055924864,0.0584042281184072,0.825348393313673,0.0138677661141502,0.11983775615757,0.0409460844146061,0.902897141186535,0.0123271487844188,0.0318270213947866,0.0529486886342599,0.791421228595886,0.00644131818396306,0.0165241758655716,0.185613277354579
"71",0.891906572512964,0.00871151933715175,0.0393794507963916,0.0600024573534924,0.821825849540788,0.0142777053717464,0.121888408304285,0.042008036783181,0.90045847296214,0.0127115195288253,0.0324225864601575,0.0544074210488772,0.786541680222294,0.00661908897675768,0.0167749063652337,0.190064324435715
"72",0.889272956464693,0.00898088315598795,0.0401062102215501,0.061639950157769,0.818244873864982,0.0146984429765195,0.123963021020623,0.0430936621378752,0.897963619994114,0.0131069590409523,0.0330269873475998,0.0559024336173341,0.781578471594349,0.00680077624227613,0.0170269633551341,0.19459378880824
"73",0.886581327457254,0.00925788882755977,0.0408433513932055,0.0633174323219811,0.814605071953675,0.0151301965082442,0.126061426746278,0.0442033047918029,0.895411602884999,0.0135137331274115,0.0336402477576208,0.0574344162299689,0.776531627139465,0.00698641639869297,0.0172802496160421,0.1992017068458
"74",0.883830770876693,0.00954271423765074,0.0415908846569469,0.0650356302287092,0.810906073278374,0.0155731846151449,0.128183436740108,0.0453373053663732,0.892801442961899,0.0139321109404276,0.034262385829966,0.0590040602677076,0.771401246267086,0.00717604369054945,0.0175346640298027,0.203888046012562
"75",0.881020377525305,0.00983553922891462,0.0423488131963775,0.0667952700494023,0.807147532345597,0.0160276268398788,0.130328840516922,0.046496000297602,0.890132163426461,0.014362364834737,0.0348934138694204,0.060612057869382,0.766187505782951,0.00736969006555825,0.0177901016052825,0.208652702546208
"76",0.878149244895687,0.0101365454914447,0.0431171327141317,0.0685970768987365,0.803329129940603,0.0164937434366658,0.132497405295143,0.0476797213275886,0.887402790564828,0.0148047702110909,0.0355333380668535,0.0622591011572272,0.760890662220915,0.00756738505177733,0.0180464535144334,0.213495499212874
"77",0.875216478500799,0.0104459164443786,0.0438958311091259,0.0704417739456963,0.799450574381806,0.0169717551795282,0.134688875457117,0.0488887949815486,0.884612355018455,0.0152596053458862,0.0361821582158841,0.0639458814197748,0.755511054080821,0.00776915563557266,0.0183036071388309,0.218416183144775
"78",0.872221193260257,0.0107638371082731,0.0446848881505974,0.072330081480872,0.795511602783592,0.0174618831616288,0.136902972023916,0.0501235420308636,0.881759893116514,0.0157271512064583,0.0368398674255859,0.0656730882514414,0.750049103960721,0.00797502614080826,0.0185614461270101,0.223414423771461
"79",0.869162514942899,0.0110904939679923,0.0454842751495348,0.0742627159395736,0.791511982325076,0.017964348585722,0.139139392146529,0.0513842769426726,0.878844448270515,0.0162076912515825,0.0375064518296975,0.0674414086482055,0.744505320571605,0.0081850181097194,0.0188198504628962,0.22848981085578
"80",0.866039581665496,0.0114260748258703,0.0462939546281535,0.0762403888804803,0.787451511522239,0.0184793725457582,0.141397808615399,0.0526713073166033,0.875865072431543,0.0167015112167479,0.0381818902928447,0.0692515260588643,0.738880300622701,0.0083991501859409,0.0190786965455895,0.233641852645769
"81",0.862851545447284,0.011770768644919,0.0471138799881252,0.0782638059196717,0.783330021500671,0.0190071757997144,0.143677869390304,0.0539849333093103,0.872820827610402,0.0172088988837867,0.0388661541143299,0.0711041193914814,0.733174730565414,0.0086174380001759,0.019337857280727,0.238869974153683
"82",0.859597573819782,0.0121247653818752,0.0479439951783172,0.0803336656200261,0.779147377266041,0.019547978533751,0.145979197152644,0.0553254470475639,0.869710787460689,0.0177301438344665,0.0395592067300926,0.0729998619747523,0.727389388183996,0.00883989405900294,0.0195972021836041,0.244173515573397
"83",0.856276851491125,0.0124882558098967,0.0487842343628578,0.0824506583361206,0.774903478969246,0.0201020001178301,0.148301388882218,0.0566931320307066,0.866534038924672,0.0182655371876775,0.0402610034134922,0.0749394204741579,0.721525144021191,0.00906652763732863,0.0198565974941903,0.24955173084729
"84",0.852888582063935,0.0128614313307418,0.0496345215903939,0.0846154650149293,0.770598263163048,0.0206694588529613,0.150644015460618,0.0580882625233727,0.863289683941591,0.0188153713198793,0.040971490975615,0.0769234537629144,0.715582962627262,0.00929734467500046,0.0201159063041311,0.255003786393607
"85",0.849431989805461,0.0132444837762894,0.0504947704654631,0.0868287559527862,0.766231704046868,0.0212505717102781,0.153006621303411,0.0595111029394426,0.859976841217741,0.0193799395685043,0.0416906074658599,0.0789526117478944,0.709563903621121,0.00953234767809897,0.0203749886957726,0.260528760005007
"86",0.845906321468491,0.0136376051992868,0.0513648838229583,0.0890911895092633,0.761803814696274,0.021845554062183,0.15538872402326,0.060961907218283,0.856594648057482,0.0199595359180554,0.042418281873607,0.0810275341508557,0.703469122552611,0.00977153562543039,0.0206337018931935,0.266125639928765
"87",0.842310848161238,0.0140409876532383,0.0522447534067164,0.0914034107788074,0.757314648273553,0.0224546194058371,0.157789814126208,0.0624409181944018,0.853142262253995,0.0205544546686761,0.043154433831826,0.083148849245503,0.697299871555437,0.0100149038807392,0.0208919004251748,0.271793324138649
"88",0.838644867264113,0.0144548229613848,0.0531342595533167,0.0937660502211853,0.752764299215672,0.0230779790793079,0.160209354743294,0.0639483669617262,0.849618864038348,0.0211649900870211,0.0438989733235342,0.0853171725510965,0.691057499780782,0.0102624441111563,0.0211494362999746,0.277530619808087
"89",0.834907704391017,0.0148793024747546,0.0540332708822293,0.0961797222519991,0.748152904395765,0.0237158419707288,0.162646781399716,0.0654844722337899,0.846023658085103,0.0217914360393025,0.0446518003920657,0.0875331054835286,0.68474345360223,0.0105141442123903,0.0214061591917203,0.28333624299366
"90",0.831098715392424,0.0153146168193078,0.0549416439935047,0.0986450237947633,0.743480644254232,0.0243684142208631,0.165101501823712,0.0670494397011927,0.842355875572378,0.0224340856064493,0.045412804856165,0.0897972339650077,0.678359276583323,0.0107699882411582,0.0216619166381624,0.289208818537356
"91",0.827217288397256,0.0157609556322342,0.0558592231742455,0.101162532796265,0.738747743895393,0.0250358989195069,0.167572895797329,0.068643461387771,0.838614776293945,0.0230932306813716,0.0461818660309684,0.0921101269937145,0.671906609199872,0.0110299563553381,0.0219165542494773,0.295146880195312
"92",0.823262845890162,0.0162185072875094,0.0567858401151509,0.103732806707178,0.733954474145604,0.0257184957962036,0.170060315051199,0.0702667150069934,0.834799650820583,0.0237691615483918,0.0469588524559893,0.0944723351750357,0.665387188309957,0.0112940247623069,0.022169915927736,0.301148871
"93",0.819234846820517,0.0166874586108594,0.0577213136384703,0.106356380930153,0.729101152568629,0.0264164009057887,0.172563083205417,0.0719193633201652,0.83090982270753,0.0244621664449722,0.0477436216312666,0.0968843892162314,0.658802846365541,0.0115621656759055,0.0224218440965951,0.307213143861958
"94",0.815132788739067,0.0171679945843303,0.0586654494387428,0.10903376723786,0.724188144434042,0.0271298063093189,0.175080495758544,0.0736015534980953,0.826944650744519,0.0251725311059439,0.0485360197628878,0.0993467983866497,0.652155510360604,0.0118343472824483,0.0226721799406999,0.313337962416248
"95",0.810956209957804,0.0176602980407146,0.0596180398377415,0.11176545216374,0.719215863634359,0.0278588997509856,0.17761182012671,0.0753134164879445,0.822903531244469,0.0259005382905216,0.049335881519137,0.101860048945872,0.645447200511787,0.0121105337161638,0.0229207636542276,0.319521502117822
"96",0.806704691728302,0.0181645493481351,0.0605788635550752,0.114551895368488,0.714184773546613,0.0286038643316499,0.180156295734702,0.0770550663870353,0.818785900366517,0.0266464672924717,0.0501430297985624,0.104424602542449,0.638680028668718,0.0123906850444225,0.023167434697932,0.325761851588927
"97",0.802377860433373,0.0186809260851448,0.06154768549593,0.117393527985552,0.709095387834032,0.0293648781796787,0.18271313416083,0.0788265998254591,0.814591236468648,0.0274105934338893,0.0509572755112938,0.107040894586169,0.631856196452355,0.0126747572630721,0.0234120320639946,0.332057014220578
"98",0.797975389786526,0.0192096027067583,0.0625242565574604,0.120290750949255,0.703948271183544,0.0301421141197976,0.185281519337287,0.0806280953593711,0.810319062484796,0.0281931875431328,0.0517784173749754,0.109709332597096,0.624977993120984,0.012962702302158,0.0236543945479236,0.338404910028934
"99",0.793497003033372,0.0197507502018906,0.0635083134553585,0.123243933309379,0.698744039974814,0.030935739340718,0.187860607807562,0.0824596128769065,0.805968948320833,0.0289945154175596,0.0526062417267083,0.112430294534899,0.618047793164805,0.013254468042271,0.0238943610266899,0.344803377766234
"100",0.788942475148753,0.0203045357427392,0.0644995785721436,0.126253410536364,0.693483362876596,0.0317459150623268,0.190449529042386,0.084321193018692,0.801540513263463,0.029814837271807,0.0534405223524206,0.11520412711231,0.611068053631372,0.0135499983417129,0.0241317707422327,0.351250177284682
"101",0.784311635023013,0.0208711223267085,0.0654977598287212,0.129319482821557,0.688166961366254,0.0325727962032677,0.193047385815516,0.0862128566149621,0.797033428395618,0.0306544071724633,0.0542810203351045,0.118031144096814,0.604041311185539,0.0138492330746269,0.0243664635894205,0.357742992150413
"102",0.779604367630497,0.0214506684115408,0.0665025505807608,0.132442413377202,0.682795610168384,0.0334165310497707,0.195653254640532,0.088134604141313,0.79244741901152,0.0315134724600827,0.0551274839233699,0.120911624605027,0.596970178908949,0.0141521081801891,0.0245982804075075,0.364279432503354
"103",0.77482061617304,0.0220433275443799,0.0675136295414338,0.135622426741146,0.677370137608599,0.0342772609266183,0.198266186269638,0.0900864151951447,0.787782267024179,0.0323922731596036,0.0559796484217732,0.123845811394445,0.589857342845493,0.0144585557229053,0.0248270632740856,0.370857038157516
"104",0.769960384190886,0.0226492479855615,0.0685306607320347,0.138859707091517,0.671891425878666,0.0351551198711672,0.200885206255312,0.0920682479948545,0.783037813357672,0.0332910413803395,0.0568372361043772,0.126833909157612,0.582705558300559,0.0147685039640029,0.0250526558004955,0.377473281934943
"105",0.765023737633183,0.0232685723279887,0.0695532934619856,0.142154396576843,0.666360411209352,0.0360502343113632,0.203509315575441,0.0940800389038432,0.778213960316202,0.034210000706824,0.0576999561529917,0.129876082823982,0.575517645903278,0.0150818774438559,0.0252749034276356,0.384125573225231
"106",0.760010806879935,0.0239014371130145,0.0705811623396887,0.145506593667361,0.660778083947521,0.036962722748715,0.206137491322375,0.0961217019813881,0.773310673921502,0.0351493655819029,0.0585675046215262,0.132972455875069,0.568296487442304,0.015398597075322,0.0254936537210788,0.390811261761295
"107",0.754921788707046,0.0245479724438202,0.0716138873156464,0.148916351533488,0.655145488534219,0.0378926954472066,0.208768687456155,0.0981931285624199,0.768327986209852,0.0361093406835778,0.0594395644278636,0.136123108678706,0.561045021486994,0.015718580247816,0.0257087566643948,0.397527641600795
"108",0.749756948185851,0.0252083015973392,0.0726510737592158,0.152383676457594,0.64946372338073,0.0388402541291441,0.211401835621915,0.100294186868211,0.763265997479616,0.0370901202972166,0.0603158053746275,0.13932807684854,0.553766238807108,0.0160417409418899,0.0259200649495631,0.404271955301439
"109",0.744516620508378,0.0258825406358389,0.0736923125702984,0.155908526285485,0.643733940639838,0.0398054916789426,0.214035846031273,0.102424721649946,0.758124878479914,0.0380918876848555,0.0611958842001733,0.142587349635057,0.546463177605358,0.0163679898540309,0.0261274342633604,0.411041398277251
"110",0.739201212729393,0.0265707980193302,0.0747371803271916,0.159490808924085,0.63795734586979,0.0407884918558675,0.216669608407244,0.104584553867099,0.752904872530775,0.0391148144534256,0.0620794446610806,0.145900868354719,0.539138918578257,0.016697234531335,0.0263307235686085,0.417833123321799
"111",0.733811205416202,0.0272731742200336,0.0757852394717407,0.163130380892023,0.632135197588769,0.0417893290167421,0.219301992992015,0.106773480402473,0.747606297564878,0.0401590599238375,0.062966117647359,0.149268524863925,0.531796579821789,0.0170293795156637,0.0265297953791808,0.424644245283367
"112",0.72834715419708,0.0279897613401815,0.0768360385328363,0.166827045929902,0.626268806718015,0.0428080678496365,0.221931851616638,0.10899127381571,0.742229548080803,0.0412247705029613,0.0638555213315088,0.152690160084727,0.524439311599348,0.0173643264968336,0.0267245160276837,0.431471845876134
"113",0.722809691199194,0.028720642734485,0.0778891123891882,0.170580553677132,0.620359535912032,0.0438447631195407,0.224558018831465,0.111237682136962,0.736775096997545,0.0423120790606284,0.0647472613524891,0.156165562589338,0.517070290990301,0.0177019744743455,0.0269147559247541,0.438312978610599
"114",0.717199526366901,0.029465892638642,0.0789439825721949,0.174390598422262,0.614408798774723,0.0448994594270161,0.227179313095893,0.113512428702368,0.731243497399955,0.0434211043138747,0.0656409310355546,0.159694467250616,0.509692716438225,0.0180422199271087,0.027100389808948,0.445164673825719
"115",0.71151744865135,0.0302255758052991,0.0800001576095911,0.17825681793376,0.608418058960654,0.0459721909807993,0.22979453802571,0.115815212032835,0.725635384164726,0.0445519502207206,0.0665361116488139,0.163276553965739,0.502309802218563,0.0183849569905746,0.0272812969862318,0.452023943804631
"116",0.70576432706248,0.0309997471489149,0.0810571334104195,0.182178792378185,0.602388829161017,0.0470629813853141,0.232402483696118,0.118145705757552,0.719951475456514,0.0457047053858604,0.0674323726972469,0.166911446460378,0.494924772845914,0.0187300776406528,0.0274573615581373,0.458887787955296
"117",0.699941111574654,0.031788451401003,0.0821143936917207,0.186156043332622,0.596322669974307,0.0481718434440139,0.235001927998187,0.120503558583492,0.714192574083876,0.0468794424806928,0.068329272254789,0.170598711180642,0.48754085744159,0.0190774718837467,0.0276284726376907,0.465753198036973
"118",0.694048833877403,0.0325917227772505,0.0831714104471735,0.190188032898173,0.590221188662139,0.0492987789794527,0.237591638046319,0.12288839431209,0.708359568704813,0.0480762176801804,0.0692263573349557,0.17433785628005,0.48016128408231,0.0194270279522127,0.0277945245522847,0.472617163413193
"119",0.688088607963075,0.0334095846580249,0.0842276444577516,0.194274162921149,0.584086037791018,0.0504437786709351,0.240170371633975,0.125299811904072,0.702453434871903,0.049295070119067,0.0701231643003305,0.1781283307087,0.47278927415105,0.0197786325045202,0.0279554170327282,0.479476676311701
"120",0.68206163054351,0.034242049283788,0.0852825458442781,0.198413774328424,0.577918913761393,0.0516068219105627,0.242736878734723,0.127737385593321,0.696475235907234,0.0505360213700092,0.0710192193110831,0.181969523411674,0.46542803671105,0.0201321708293645,0.0281110553877733,0.486328737071812
"121",0.675969181288288,0.0350891174669316,0.08633555466158,0.202606146583201,0.571721555225682,0.0527878766784381,0.245289903045412,0.130200665050468,0.690426123597712,0.0517990749461989,0.071914038812519,0.18586076264357,0.458080762923823,0.0204875270529681,0.0282613506634945,0.493170359359715
"122",0.669812622877565,0.0359507783215448,0.0873861015337467,0.206850497267144,0.565495741397479,0.0539868994377415,0.24782818356804,0.132689175596739,0.684307338701675,0.0530842158310524,0.0728071300614867,0.189801315405786,0.450750620531772,0.0208445843487903,0.0284062197869717,0.499998575332466
"123",0.663593400863068,0.0368270090125971,0.0884336083297997,0.211145981794535,0.559243290254552,0.0552038350503327,0.250350456226675,0.13520241846844,0.678120211258208,0.0543914100375326,0.0736979916912869,0.193790387012972,0.443440748425584,0.021203225148857,0.028545585693807,0.506810440731752
"124",0.657313043331378,0.0377177745259983,0.0894774888788759,0.215491693263748,0.552966056638709,0.0564386167134726,0.252855455515583,0.137739871132236,0.671866160691121,0.0557206041996398,0.0745861143145412,0.197827120794698,0.436154251316052,0.0215633313559206,0.0286793774390889,0.513603039888938
"125",0.650973160364314,0.0386230274609565,0.0905171497238215,0.219886662450908,0.546665930256057,0.0576911659181902,0.255341916174511,0.140300987651242,0.665546695700113,0.0570717251985671,0.0754709811632814,0.201910597938039,0.42889419452934,0.0219247845556568,0.0288075302915026,0.5203734906235
"126",0.64457544329194,0.0395427078460078,0.091551990911881,0.224329857950171,0.540344833581598,0.0589613924297515,0.25780857488692,0.142885199101731,0.659163413932351,0.0584446798259527,0.0763520687653261,0.20603983747637,0.42166359894391,0.0222874662281175,0.028929985810368,0.527118949017604
"127",0.63812166373445,0.0404767429800338,0.0925814068209594,0.228820186464557,0.534004719672543,0.060249194290614,0.260254171996763,0.14549191404008,0.652718001428433,0.0598393544865859,0.0772288476558062,0.210213796429175,0.414465436086487,0.022651257957665,0.0290466919054762,0.533836614050372
"128",0.631613672430036,0.0414250472995193,0.0936047870197194,0.233356493250726,0.527647569895146,0.0615544578461716,0.262677453239306,0.148120519019376,0.646212231837499,0.0612556149428299,0.0781007831225017,0.214431370097169,0.407302623403443,0.0230160416406318,0.0291576028796788,0.540523732076246
"129",0.625053397846688,0.0423875222732209,0.0946215171595775,0.237937562720513,0.521275391570236,0.0628770577935161,0.26507717148132,0.150770379154927,0.639647965397158,0.0626933061029127,0.0789673359834457,0.218691392516484,0.400178019722934,0.0233816996899704,0.0292626794542706,0.547177601132825
"130",0.618442844576781,0.0433640563253364,0.0956309798964479,0.242562119201435,0.514890215543027,0.0642168572533593,0.267452088465908,0.153440838737705,0.633027147674802,0.0641522518551079,0.079827963395053,0.222992637075037,0.39309442092197,0.0237481152361803,0.0293618887772901,0.55379557506456
"131",0.611784091514235,0.0443545247881657,0.0966325558398942,0.247228827857705,0.508494093683135,0.065573707865174,0.269800976557109,0.156131221894582,0.626351808067909,0.0656322549496842,0.0806821196888272,0.22733381729358,0.386054555811386,0.0241151723238321,0.0294552044149411,0.560375067449841
"132",0.605079289815037,0.0453587898851519,0.0976256245271499,0.251936295772661,0.502089096321067,0.0669474499055278,0.272122620479399,0.158840833294007,0.619624058061935,0.0671330969303374,0.081529257234509,0.231713587773219,0.379061082250419,0.0244827561030376,0.0295426063264212,0.566913555320122
"133",0.598330660642889,0.046376700745078,0.0986095654192915,0.256683073192741,0.495677309627761,0.0683379124294957,0.274415819047133,0.161568958895611,0.612846089245521,0.0686545381166442,0.0823688273273374,0.236130545310497,0.372116583501255,0.0248507530152535,0.0296240808225156,0.573408582660976
"134",0.591540492702764,0.0474080934480737,0.0995837589166716,0.261467654932491,0.489260832944041,0.069744913434951,0.276679386878992,0.164314866742017,0.60602017108385,0.0701963176388806,0.0832002810969133,0.240583230180357,0.365223564832568,0.0252190509728436,0.0296996205083864,0.579857763686202
"135",0.584711139566222,0.0484527911039585,0.100547587390559,0.266288481939261,0.482841776067093,0.0711682600494448,0.278912156092468,0.167077807790994,0.599148648452139,0.0717581535263423,0.0840230704349856,0.245070127586534,0.358384450379689,0.0255875395318681,0.0297692242110565,0.586258785877387
"136",0.577845016793331,0.049510603963315,0.101500436227788,0.271143943015566,0.476422256501308,0.0726077487392995,0.281112977973498,0.169857016785895,0.592233938932456,0.0733397428500828,0.0848366489393152,0.249589669278146,0.351601580267626,0.0259561100576107,0.0298328968921475,0.592609412782616
"137",0.57094459885712,0.0505813295615412,0.102441694885085,0.276032376696254,0.470004396680996,0.0740631655404543,0.283280724616378,0.172651713162172,0.585278529878231,0.074940761920752,0.0856404728706257,0.254140235330392,0.344877208001782,0.0263246558824029,0.0298906495464918,0.598907486569324
"138",0.564012415877487,0.0516647528959905,0.103370757949621,0.280952073276902,0.463590321172677,0.075534286310517,0.285414290529176,0.17546110198763,0.578284975252026,0.0765608665419742,0.0864340021195136,0.258720156086486,0.338213498129797,0.0266930724553484,0.0299424990872874,0.605150930327567
"139",0.557051050172533,0.0527606466361546,0.104287026202244,0.285901276989069,0.457182153864706,0.0770208770013946,0.287512594199989,0.178284374933911,0.571255892243373,0.0781996923194523,0.0872167011800734,0.263327714257101,0.331612524176589,0.027061257483604,0.0299884682185145,0.611337750121292
"140",0.550063132636246,0.0538687713666937,0.105189907679776,0.290878188317285,0.450782015152135,0.0785226939517931,0.289574579619483,0.181120711276589,0.564193957674625,0.0798568550257233,0.0879880401268855,0.267961147172767,0.3250762668533,0.0274291110649191,0.0300285852953704,0.61746603678641
"141",0.543051338952453,0.0549888758629637,0.106078818732666,0.295880966451917,0.444392019124704,0.0800394841988052,0.291599217755335,0.183969278921156,0.557101904203978,0.0815319510202254,0.0887474955919378,0.272618649183859,0.318606612539558,0.0277965358111858,0.0300628841735185,0.623533967475738
"142",0.536018385655849,0.056120697398534,0.106953185074293,0.300907731871324,0.438014270765894,0.0815709858077254,0.293585507974335,0.186829235452046,0.549982516335953,0.0832245577240664,0.0894945517379781,0.277298374202002,0.3122053520372,0.0281634369628035,0.0300914040479721,0.629539806952025
"143",0.528967026051783,0.057263962084036,0.10781244281817,0.305956569046011,0.431650863170919,0.0831169282191693,0.295532479408135,0.189699729201777,0.542838626250707,0.0849342341486106,0.0902287012247569,0.281998438375925,0.305874179592373,0.0285297224937073,0.0301141892824591,0.635481908631461
"144",0.521900046007309,0.0584183852365263,0.108656039499306,0.311025529256858,0.425303874791473,0.0846770326125044,0.297439192258814,0.192579900337209,0.535673109464631,0.0866605214767327,0.0909494461645898,0.286716922894047,0.299614692181811,0.0288953032069611,0.0301312892301329,0.641358715381095
"145",0.514820259626758,0.0595836717783986,0.109483435076015,0.316112633518829,0.418975366714923,0.0862510122845426,0.299304739040667,0.195468881959867,0.528488880335662,0.0884029436953121,0.0916562990636694,0.291451876905357,0.293428389057971,0.0292600928208603,0.0301427580465016,0.647168760074667
"146",0.50773050482574,0.0607595166647322,0.110294102908509,0.321215875601019,0.412667379985526,0.0878385730423899,0.301128245754882,0.198365801217202,0.521288887427669,0.0901610082772838,0.0923487837455751,0.296201320549472,0.287316671546717,0.029624008045537,0.0301486544954593,0.652910665912286
"147",0.500633638818143,0.0619456053378193,0.11108753071069,0.326333225133347,0.406381932975016,0.0894394136092994,0.302908872994006,0.201269780421679,0.514076108749141,0.0919342069112965,0.0930264362534696,0.300963248086093,0.281280843090315,0.0299869686501024,0.0301490417492994,0.658583146510284
"148",0.493532533531187,0.0631416142074801,0.111863221471623,0.331462630789709,0.400121018809732,0.0910532260423298,0.304645816973418,0.204179938174521,0.50685354688214,0.0937220162767838,0.093688805727535,0.305735631113542,0.275322109527613,0.0303488975204048,0.0301439871835876,0.664185005768394
"149",0.486430070964027,0.0643472111556427,0.112620694343327,0.336602023537003,0.39388660286119,0.092679696160577,0.306338310487261,0.207095390490972,0.499624224018221,0.0955238988620115,0.0943354552542882,0.310516421865479,0.269441579602561,0.0307097207075194,0.0301335621677626,0.669715137522157
"150",0.479329138505794,0.0655620560635444,0.113359485491622,0.34174931993904,0.387680620306718,0.0943185039827107,0.307985623786638,0.210015251923933,0.492391176918544,0.0973393038224416,0.0949659626845205,0.315303556574493,0.263640265691473,0.0310693674671252,0.0301178418523172,0.675172524989085
"151",0.472232624229174,0.0667858013598002,0.114079148906948,0.346902425504077,0.381504973766463,0.0959693241725288,0.309587065378135,0.212938636682874,0.485157451815925,0.0991676678765371,0.095579921416736,0.320094958890802,0.2579190847389,0.0314277702899578,0.030096904953395,0.680556240017747
"152",0.465143412175825,0.0680180925874783,0.114779257172241,0.352059238064456,0.375361531022746,0.097631826491219,0.311141982741078,0.215864659744957,0.477926099276936,0.10100841623594,0.0961769411431119,0.324888543344013,0.252278859391409,0.0317848649235593,0.0300708335356167,0.685865442149415
"153",0.458064377649978,0.0692585689882354,0.115459402185133,0.357217651176653,0.369252122827378,0.099305676255009,0.312649762962239,0.218792437955374,0.470700169042441,0.102860963566774,0.0967566485551701,0.329682218835615,0.246720319318161,0.0321405903855765,0.0300397127939198,0.691099377502343
"154",0.450998382536561,0.0705068641014818,0.11611919583198,0.362375557529977,0.363178540802146,0.100990534796879,0.314109833287015,0.221721091113961,0.463482704865093,0.104724714978669,0.097318688006538,0.3344738921497,0.241244102706827,0.0324948889688842,0.0300036308351723,0.696257377489117
"155",0.443948270660035,0.0717626063764773,0.116758270611416,0.367530852352072,0.357142535437291,0.10268605993101,0.315521661586444,0.224649743045256,0.456276739362367,0.10659906703796,0.0978627221303762,0.339261471469297,0.235850757923114,0.0328477062388348,0.0299626784602838,0.701338857377767
"156",0.436916863199935,0.0730254197952088,0.117376280205391,0.372681436799465,0.351145814192378,0.104391906418654,0.316884756739716,0.227577522649252,0.449085288903637,0.108483408801407,0.0983884324092685,0.344042869885687,0.230540745321972,0.0331989910229568,0.0299169489475051,0.706343314707566
"157",0.429906954178768,0.0742949245038503,0.117972899995889,0.377825221321493,0.345190039703494,0.10610772643412,0.318198668932182,0.230503564930203,0.441911348549604,0.110377122866677,0.0988955196956037,0.348816008888115,0.225314439198462,0.0335486953934398,0.0298665378375716,0.711270327570526
"158",0.422921306037528,0.0755707374505851,0.11854782752579,0.382960128986097,0.339276828100293,0.107833170029588,0.319462989869137,0.233427012000982,0.434757887062083,0.11227958643577,0.0993837046807166,0.35357882182143,0.220172129866214,0.0338967746427647,0.0298115427213042,0.716119552769718
"159",0.415962645313594,0.0768524730275467,0.119100782902592,0.388084098756267,0.333407747435923,0.109567885597496,0.320677352905997,0.236347014060583,0.427627842001754,0.114190172387521,0.0998527283113115,0.358329257299413,0.215114025851421,0.0342431872528424,0.0297520630302464,0.720890723865491
"160",0.409033658435181,0.0781397437146383,0.119631509144004,0.393195088706177,0.327584316232425,0.111311520329268,0.321841433095762,0.239262730342545,0.420524114930964,0.116108250355285,0.10030235215195,0.363065282561801,0.210140256190437,0.0345878948580421,0.0296881998308712,0.72558364912065
"161",0.402136987645874,0.0794321607229984,0.120139772464671,0.398291079166457,0.321808002143704,0.11306372066919,0.322954947154928,0.242173330032177,0.41344956673803,0.118033187805915,0.100732358692654,0.367784886763401,0.205250872819165,0.0349308622024911,0.0296200556228521,0.730198209355492
"162",0.395275227072043,0.0807293346359043,0.120625362503588,0.403370075788464,0.316080220737738,0.11482413276228,0.324017653349333,0.245077993150649,0.406407013098828,0.119964351116173,0.10114255160093,0.372486084184068,0.200445853042652,0.0352720570920363,0.0295477341418505,0.734734355723461
"163",0.388450918945119,0.0820308760449429,0.121088092492032,0.408430112517907,0.310402334399177,0.116592402895044,0.325029351301625,0.247975911404154,0.399399220090574,0.121901106642763,0.101532755917826,0.377166917348837,0.195725102073562,0.0356114503412588,0.029471340167231,0.739192107417948
"164",0.38166654998988,0.0833363961793264,0.1215277993621,0.413469254468694,0.304775651353078,0.11836817792806,0.325989881722338,0.250866288996524,0.392428899971903,0.123842821782228,0.10190281819785,0.381825460048019,0.191088455628488,0.0359490157159338,0.029390979335071,0.743571549320507
"165",0.374924547988981,0.0846455075262901,0.121944343796248,0.418485600688481,0.29920142481003,0.120151105719383,0.326899126066756,0.253748343403831,0.385498707142327,0.125788866017092,0.102252606592899,0.386459820247682,0.186535682571424,0.036284729871324,0.0293067579567954,0.747872829600456
"166",0.368227278532981,0.085957824440584,0.122337610218432,0.423477286808003,0.293680852232498,0.121940835537823,0.327757006119981,0.256621306109698,0.378611234293158,0.127738611944676,0.102582010880581,0.391068142881585,0.182066487594089,0.0366185722866946,0.0292187828437209,0.752096157275496
"167",0.361577041964173,0.087272963741148,0.122707506727764,0.428442487566915,0.288215074721775,0.1237370184652,0.328563483512826,0.259484423300198,0.371769008760903,0.129691436285222,0.102890942437572,0.395648612516303,0.177680513923194,0.0369505251964289,0.02912716113776,0.756241799742617
"168",0.354976070521457,0.0885905452931547,0.123053964975803,0.433379419209585,0.282805176524535,0.125539307786752,0.329318559171315,0.262336956517398,0.364974489092981,0.131646720866057,0.103179334158905,0.400199455882056,0.173377346045215,0.0372805735181172,0.0290320001484934,0.760310080288174
"169",0.348426525692484,0.0899101925737045,0.123376939988847,0.438286341744965,0.277452184657545,0.127347359368931,0.330022272702751,0.265178183270774,0.35823006183449,0.133603853578723,0.103447140324327,0.40471894426246,0.169156512439631,0.0376087047779849,0.0289334071967836,0.764301375585601
"170",0.341930495778234,0.091231533219562,0.123676409936804,0.4431615610654,0.272157068648763,0.129160832023879,0.330674701721461,0.268007397605896,0.351538038543498,0.135562229306186,0.10369433641307,0.409205395737246,0.165017488312128,0.0379349090340122,0.0288314894650667,0.768216113188793
"171",0.335489993674121,0.0925541995554415,0.123952375850451,0.448003430919987,0.266920740392637,0.130979387859967,0.331275961117451,0.270823910629945,0.34490065304117,0.137521250817417,0.103920918868631,0.413657177272782,0.160959698319713,0.0382591787970908,0.0287263538544265,0.77205476902877
"172",0.329106954870667,0.0938778291014681,0.124204861289037,0.452810354738828,0.261744054117101,0.132802692617804,0.331826202271298,0.273627050993797,0.338320058901786,0.139480329626865,0.104126904815303,0.418072706656047,0.156982519280178,0.0385815089505463,0.0286181068485196,0.775817864920756
"173",0.322783235675755,0.0952020650585641,0.1244339119604,0.457580787305282,0.256627806459473,0.134630415991244,0.332325612218732,0.276416165330551,0.331798327186479,0.141438886816547,0.104312331728436,0.422450454268538,0.153085282858891,0.0389018966683464,0.0285068543843945,0.779505966088368
"174",0.316520611659387,0.0965265567706445,0.124639595295908,0.462313236274061,0.251572736648103,0.136462231932949,0.332774412768395,0.279190618650552,0.325337444423335,0.143396353818723,0.104477257060542,0.4267889446974,0.149267278226353,0.0392203413322976,0.0283927017302142,0.783119678711136
"175",0.310320776320946,0.0978509601626305,0.124821999982672,0.467006263533752,0.246579526786413,0.138297818944135,0.333172859576343,0.28194979469311,0.318939310835259,0.145352173157335,0.104621757825504,0.431086758181901,0.14552775468048,0.0395368444485217,0.0282757533698674,0.786659647501131
"176",0.304185339977899,0.0991749381534288,0.124981235455601,0.47165848641307,0.241648802235677,0.140136860348219,0.333521241180875,0.284693096235228,0.312605738815872,0.147305799146636,0.104745930143322,0.435342531894171,0.141865924228078,0.039851409563486,0.0281561128944282,0.790126553314007
"177",0.298115828873999,0.100498161043155,0.125117431351986,0.47626857873086,0.236781132092695,0.141979044548133,0.333819878001324,0.287419945357848,0.306338451652538,0.149256698545692,0.10484988874788,0.439554961053891,0.138280964120441,0.0401640421798487,0.0280338829004007,0.79352111079931
"178",0.292113684504111,0.101820306874012,0.12523073693136,0.480835271690517,0.231977029758304,0.143824065267117,0.334069121304401,0.290129783670178,0.300139082494556,0.151204351167634,0.104933766460385,0.443722799877425,0.134772019338501,0.0404747496723633,0.0279091648946634,0.796844066094472
"179",0.286180263151952,0.103141061764377,0.12532132046347,0.485357354620201,0.227236953592511,0.145671621772921,0.334269352141706,0.292822072492861,0.294009173563459,0.153148250442827,0.104997713631141,0.447844862362573,0.131338205023439,0.0407835412040725,0.0277820592060095,0.800096194566479
"180",0.280316835636215,0.104460120215758,0.125389368587244,0.489833675560783,0.22256130765187,0.147521419085336,0.334420980261985,0.295496293000808,0.287950175601406,0.155087903935314,0.105041897552427,0.451920022910854,0.127978608849086,0.0410904276430046,0.0276526649031613,0.803278298604748
"181",0.274524587259816,0.105777185392439,0.125435085643636,0.494263141704109,0.217950442504619,0.149373168167087,0.334524443001657,0.298151946326637,0.281963447552678,0.157022833812144,0.105066501845271,0.455947216789907,0.124692293332924,0.0413954214795724,0.0275210797191211,0.806391205468383
"182",0.268804617956289,0.107091969373729,0.125458692985305,0.498644719684677,0.213404656118986,0.151226586098154,0.334580204157081,0.300788553625778,0.276050256472459,0.158952577265423,0.105071725822938,0.45992544043918,0.121478298082889,0.0416985367448569,0.0273873999817079,0.809435765190546
"183",0.263157942626753,0.108404193378871,0.125460428266009,0.502977435728368,0.208924194820015,0.153081396233638,0.334588752841987,0.30340565610436,0.270211777656209,0.160876686887122,0.105057783833946,0.463853751622723,0.118335641977614,0.0419997889299463,0.0272517205501149,0.812412848542325
"184",0.257585491660259,0.109713587964755,0.125440544712647,0.507260375662339,0.204509254310183,0.154937328345345,0.334550602333375,0.306002815011097,0.264449094982276,0.162794730996889,0.10502490458745,0.467731269433385,0.115263325278102,0.0422991949064827,0.0271141347573145,0.815323345058101
"185",0.252088111629868,0.111019893196733,0.125399310382791,0.511492684790609,0.200159980749086,0.156794118747314,0.334466288909128,0.308579611594472,0.258763201459645,0.16470629392334,0.104973330463753,0.471557174153263,0.112260331669233,0.0425967728485573,0.0269747343581269,0.818168161124083
"186",0.246666566156312,0.11232285879287,0.125337007410539,0.515673567640278,0.195876471887444,0.158651510405542,0.334336370680477,0.311135647026537,0.253154999972191,0.166610976239428,0.104903316812731,0.47533070697565,0.109325630229813,0.0428925421560811,0.0268336094827611,0.820948218131345
"187",0.241321536930749,0.113622244242141,0.125253931243448,0.519802287583663,0.191658778250688,0.160509253032226,0.334161426422322,0.313670542294763,0.247625304210254,0.168508394952741,0.104815131242832,0.479051169594173,0.106458177330239,0.0431865233797413,0.0266908485956307,0.823664450694389
"188",0.236053624887768,0.1149178188971,0.125150389873216,0.523878166341916,0.187506904367443,0.162367103164848,0.333942054404344,0.316183938063366,0.242174839779891,0.170398183651671,0.104709052903321,0.482717923665117,0.103656918457142,0.0434787381476465,0.0265465384592426,0.826317804935969
"189",0.230863351519576,0.116209362041677,0.125026703062743,0.527900583376003,0.18342081003824,0.164224824230495,0.333678871225659,0.318675494505606,0.236804245479833,0.1722799926086,0.104585371762285,0.486330390149282,0.10092078996466,0.0437692090937454,0.0264007641029526,0.828909236838642
"190",0.225751160322052,0.117496662934818,0.124883201572053,0.531868975171077,0.1794004116399,0.166082186595824,0.3333725106557,0.321144891108577,0.231514074735817,0.174153488841359,0.104444387882901,0.489888048539923,0.0982487207522835,0.0440579597880968,0.026253608796379,0.831439710663241
"191",0.220717418363256,0.118779520830751,0.124720226385491,0.535782834420501,0.175445583461074,0.167938967603095,0.333023622483816,0.323591826452015,0.226304797181782,0.176018356134341,0.104286410700313,0.493390435983564,0.0956396338694294,0.0443450146690538,0.0261051540272653,0.833910197434252
"192",0.215762417964876,0.120057744976727,0.124538127942501,0.539641709115895,0.171556159064547,0.169794951592758,0.332632871379998,0.326016017962697,0.221176800377216,0.177874295020775,0.104111758301392,0.496837146300617,0.0930924480471584,0.0446303989774175,0.0259554794835797,0.836321673491844
"193",0.210886378487051,0.121331154589124,0.12433726537415,0.543445201549675,0.167731932672015,0.171649929913066,0.332200935768943,0.328417201645975,0.216130391649877,0.179721022727746,0.103920756709522,0.500227828912854,0.0906060791576522,0.0449141386926026,0.0258046630396446,0.838675119110101
"194",0.20608944820705,0.122599578808874,0.124118005747465,0.547192967236611,0.163972660567177,0.173503700917218,0.331728506719587,0.330795131796018,0.211165800053048,0.181558273085644,0.103713739176459,0.503562187684849,0.0881794416022521,0.0451962604708496,0.0256527807460844,0.840971517180814
"195",0.201371706282347,0.123862856637183,0.123880723319512,0.550884713760958,0.160278062513087,0.175356069948565,0.331216286852026,0.333149580686322,0.206283178426525,0.183385796403779,0.103491045483158,0.506839979686538,0.0858114496290411,0.0454767915855101,0.0254999068233875,0.843211851962061
"196",0.196733164788724,0.125120836852567,0.123625798803021,0.554520199555688,0.156647823179905,0.177206849314398,0.330664989263672,0.335480338242025,0.201482605550636,0.185203359313985,0.103253021251357,0.510061013884022,0.0835010185811097,0.0457557598694198,0.0253461136588775,0.845397107890593
