"","vacvac","vacother","vaccrem","cremvac","cremother","cremcrem","othervac","otherother","othercrem"
"1",0.989196263975754,0.000931960694115458,0.00987177533013096,0.965997878259475,0.00161880813809469,0.0323833136024304,0.990589187484153,0.00134886333978003,0.00806194917606695
"2",0.988955330994595,0.000963387983051856,0.0100812810223536,0.965273619332568,0.00167254982372447,0.0330538308437074,0.990372367526584,0.00139438371751719,0.00823324875589887
"3",0.98870895478816,0.00099586951150568,0.0102951757003345,0.964534267706125,0.00172804762945103,0.0337376846644234,0.990150423073198,0.00144143275193196,0.0084081441748701
"4",0.988457010964452,0.00102944032273817,0.0105135487128094,0.963779525930744,0.00178535738012683,0.0344351166891295,0.989923229806514,0.00149006133052563,0.00858670886295996
"5",0.988199372285783,0.00106413660609814,0.0107364911081187,0.963009091524922,0.00184453658853639,0.0351463718865415,0.989690660339907,0.00154032200797711,0.00876901765211552
"6",0.987935908605679,0.00109999573340221,0.0109640956609186,0.962222656930065,0.00190564450161344,0.0358716985683214,0.989452584142609,0.0015922690591403,0.00895514679825058
"7",0.987666486804563,0.00113705629640428,0.0111964568990325,0.961419909467202,0.00196874214765253,0.0366113483851452,0.989208867463031,0.00164595853362675,0.00914517400334206
"8",0.987390970724192,0.00117535814538294,0.0114336711304248,0.960600531295566,0.0020338923845203,0.0373655763199135,0.988959373250377,0.0017014483120146,0.00933917843760854
"9",0.987109221100841,0.0012149424288761,0.0116758364702826,0.959764199373172,0.00210115994887083,0.0381346406779573,0.988703961074519,0.00175879816372575,0.00953724076175518
"10",0.986821095497224,0.0012558516345922,0.011923052868184,0.958910585419545,0.0021706115063681,0.0389188030740865,0.988442487044119,0.00181806980661368,0.00973944314926734
"11",0.986526448233135,0.00129812963152842,0.0121754221353369,0.95803935588076,0.00224231570291749,0.0397183284163222,0.98817480372296,0.00187932696830502,0.00994586930873483
"12",0.986225130314809,0.00134182171332627,0.0124330479718646,0.957150171896942,0.0023163432169067,0.0405334848861518,0.987900760044475,0.00194263544933848,0.0101566045061868
"13",0.985916989362987,0.00138697464289575,0.0126960359941174,0.956242689272407,0.00239276681245518,0.0413645439151374,0.987620201224438,0.00200806318814545,0.0103717355874164
"14",0.985601869539673,0.00143363669833949,0.012964493761987,0.955316558448624,0.00247166139366938,0.0422117801577064,0.98733296867181,0.00207568032791702,0.0105913510002728
"15",0.985279611473594,0.00148185772020884,0.0132385308061971,0.954371424480155,0.0025531040598997,0.0430754714599457,0.987038899897701,0.00214555928540255,0.0108155408168967
"16",0.984950052184331,0.00153168916012413,0.0135182586555452,0.95340692701379,0.00263717416199291,0.043955898824217,0.98673782842244,0.00221777482168568,0.0110443967558741
"17",0.984613025005142,0.00158318413079199,0.0138037908640662,0.952422700271063,0.00272395335953229,0.0448533463694047,0.986429583680735,0.00229240411498369,0.0112780122042809
"18",0.984268359504459,0.00163639745745251,0.0140952430380884,0.951418373034339,0.00281352567905531,0.0457681012866054,0.986113990924892,0.00236952683551672,0.011516482239591
"19",0.983915881406061,0.00169138573078984,0.0143927328631494,0.950393568636705,0.00290597757323679,0.0467004537900583,0.985790871126091,0.00244922522249369,0.0117599036514156
"20",0.983555412507921,0.00174820736133975,0.0146963801307389,0.949347904955861,0.0030013979810231,0.0476506970631156,0.985460040873695,0.00253158416326163,0.0120083749630436
"21",0.983186770599739,0.00180692263542813,0.015006306764833,0.948280994412254,0.00309987838870053,0.0486191271990452,0.985121312272586,0.00261669127466593,0.0122619964527479
"22",0.982809769379144,0.0018675937726745,0.0153226368481812,0.947192443971671,0.00320151289187839,0.049606043136451,0.98477449283851,0.00270463698666834,0.0125208701748215
"23",0.982424218366598,0.00193028498509496,0.0156454966483074,0.94608185515254,0.00330639825836477,0.0506117465890958,0.984419385391423,0.00279551462827023,0.0127850999803064
"24",0.982029922818978,0.00199506253783879,0.0159750146431831,0.944948824038188,0.00341463399190994,0.0516365419699025,0.984055787946839,0.00288942051578824,0.0130547915373732
"25",0.98162668364188,0.0020619948115935,0.0163113215465267,0.943792941294302,0.00352632239678938,0.0526807363089084,0.983683493605159,0.0029864540435291,0.0133300523513116
"26",0.981214297300622,0.0021311523666926,0.0166545503326854,0.942613792191864,0.00364156864319538,0.0537446391649411,0.983302290439006,0.00308671777691067,0.0136109917840837
"27",0.980792555729992,0.00220260800896075,0.0170048362610471,0.941410956635818,0.00376048083340266,0.0548285625307794,0.982911961378529,0.00319031754807521,0.0138977210733955
"28",0.980361246242736,0.00227643685733069,0.0173623168999329,0.940184009199767,0.00388317006867006,0.0559328207315626,0.982512284094723,0.00329736255404094,0.0141903533512359
"29",0.979920151436819,0.00235271641326601,0.0177271321499152,0.938932519166961,0.00400975051683671,0.057057730316202,0.982103030880734,0.0034079654574369,0.0144890036618293
"30",0.979469049101472,0.00243152663202401,0.0180994242665036,0.937656050577883,0.0041403394805672,0.0582036099415499,0.981683968531185,0.00352224248986574,0.014793788978949
"31",0.979007712122069,0.00251294999579206,0.018479337882139,0.936354162284729,0.00427505746619627,0.0593707802490749,0.981254858219532,0.00364031355793766,0.0151048282225309
"32",0.978535908383837,0.00259707158873086,0.0188670200274321,0.935026408013089,0.00441402825311937,0.060559563733792,0.980815455373454,0.00376230235201815,0.0154222422745279
"33",0.978053400674461,0.00268397917395732,0.0192626201515816,0.933672336431139,0.00455737896367108,0.0617702846051897,0.980365509548329,0.0038883364577306,0.0157461539939399
"34",0.977559946585601,0.00277376327249911,0.0196662901418998,0.932291491226673,0.00470524013342881,0.0630032686398983,0.979904764298795,0.0040185474702534,0.016076688230952
"35",0.977055298413372,0.00286651724425246,0.0200781843423756,0.930883411192287,0.00485774578187431,0.0642588430258384,0.97943295704844,0.00415307111144974,0.0164139718401098
"36",0.976539203057831,0.00296233737097361,0.0204984595711957,0.92944763031907,0.00501503348334098,0.0655373361975891,0.978949818957676,0.00429204734986624,0.0167581336924582
"37",0.976011401921519,0.00306132294133376,0.0209272751371467,0.927983677899117,0.00517724443816934,0.0668390776627135,0.978455074789801,0.00443562052363462,0.0171093046865642
"38",0.975471630807122,0.00316357633806593,0.0213647928548122,0.926491078637233,0.00534452354398802,0.0681643978187788,0.977948442775348,0.00458393946630816,0.017467617758344
"39",0.974919619814291,0.00326920312723119,0.0218111770584775,0.924969352772157,0.0055170194670322,0.0695136277608104,0.977429634474732,0.00473715763566225,0.0178332078896059
"40",0.974355093235718,0.00337831214963013,0.0222665946146515,0.923418016207679,0.00569488471340533,0.0708870990789156,0.976898354639292,0.00489543324548544,0.0182062121152223
"41",0.973777769452507,0.00349101561438418,0.022731214933109,0.921836580653995,0.00587827570018454,0.0722851436458205,0.976354301070781,0.00505892940038428,0.0185867695288351
"42",0.973187360828938,0.00360742919470935,0.0232052099763529,0.920224553779678,0.0060673528262638,0.0737080933940586,0.975797164479382,0.00522781423362167,0.0189750212869959
"43",0.972583573606704,0.00372767212590341,0.0236887542673931,0.918581439374617,0.00626228054282269,0.07515628008256,0.975226628340354,0.00540226104800501,0.0193711106116407
"44",0.971966107798702,0.00385186730556533,0.0241820248957322,0.916906737524312,0.00646322742330219,0.0766300350523862,0.974642368749375,0.00558244845983572,0.0197751827907897
"45",0.971334657082492,0.0039801413960635,0.0246852015214446,0.91519994479587,0.00667036623276247,0.0781296889713679,0.974044054276712,0.00576856054592806,0.0201873851773604
"46",0.970688908693503,0.00411262492926678,0.0251984663772304,0.913460554436109,0.00688387399649051,0.0796555715674006,0.973431345820321,0.00596078699369936,0.0206078671859791
"47",0.970028543318129,0.00424945241354997,0.025722004268321,0.911688056582113,0.00710393206771892,0.0812080113501677,0.972803896458004,0.00615932325432936,0.0210367802876671
"48",0.96935323498681,0.00439076244308186,0.0262560025701079,0.90988193848463,0.00733072619430975,0.08278733532106,0.972161351298745,0.00636437069897992,0.021474278002275
"49",0.968662650967238,0.00453669780940142,0.0268006512233608,0.908041684744673,0.00756444658425024,0.0843938686710768,0.971503347333405,0.00657613677806079,0.0219205158885338
"50",0.96795645165782,0.00468740561528376,0.0273561427268958,0.906166777563703,0.0078052879697999,0.0860279344664966,0.970829513284896,0.00679483518351997,0.022375651531584
"51",0.967234290481555,0.00484303739089408,0.0279226721275506,0.904256697007757,0.00805344967012079,0.087689853322122,0.970139469458029,0.00702068601413043,0.0228398445278406
"52",0.966495813780462,0.00500374921222363,0.0285004370073148,0.902310921285873,0.00830913565221547,0.0893799430619115,0.96943282758922,0.00725391594373698,0.0233132564670433
"53",0.965740660710742,0.00516970182179738,0.0290896374674608,0.900328927043184,0.00857255458998919,0.091098518366827,0.968709190696241,0.00749475839241896,0.02379605091134
"54",0.964968463138847,0.0053410607516387,0.029690476109514,0.898310189669016,0.00884391992124528,0.0928458904097391,0.967968152928245,0.00774345370051556,0.0242883933712398
"55",0.964178845538636,0.00551799644847087,0.0303031580128936,0.896254183620336,0.00912344990241482,0.0946223664772494,0.967209299416278,0.00800024930545117,0.0247904512782711
"56",0.963371424889817,0.00570068440113055,0.030927890709052,0.89416038276088,0.00941136766081392,0.0964282495783062,0.966432206124541,0.00826539992128777,0.0253023939541711
"57",0.962545810577906,0.00588930527016186,0.0315648841519321,0.892028260716276,0.00970790124421398,0.0982638380395098,0.965636439702652,0.00853916772092113,0.0258243925764271
"58",0.961701604295888,0.00608404501955443,0.0322143506845574,0.889857291245473,0.0100132836675024,0.100129425087025,0.964821557339189,0.00882182252082544,0.0263566201399855
"59",0.960838399947856,0.00628509505058151,0.0328765050015625,0.887646948628758,0.0103277529562041,0.102025298415038,0.963987106616826,0.00911364196823935,0.0268992514149349
"60",0.959955783554846,0.00649265233768792,0.0335515641074659,0.885396708072651,0.0106515521866247,0.103951739740725,0.963132625369361,0.00941491173067297,0.0274524628999664
"61",0.959053333163151,0.00670691956636974,0.0342397472704791,0.883106046131909,0.0109849295223715,0.105909024345719,0.962257641540992,0.00972592568760189,0.0280164327714057
"62",0.958130618755377,0.00692810527298018,0.0349412759716431,0.880774441148905,0.0113281382469978,0.107897420604097,0.961361673048196,0.0100469861241994,0.028591340827605
"63",0.957187202164541,0.00715642398638755,0.0356563738490717,0.878401373710565,0.0116814367925108,0.109917189496924,0.96044422764458,0.0103784039269428,0.0291773684284776
"64",0.956222636991518,0.00739209637140243,0.0363852666370793,0.875986327123075,0.012045088763476,0.111968584113449,0.959504802789136,0.010720498780913,0.0297746984299506
"65",0.955236468526156,0.00763534937388194,0.0371281820999621,0.873528787904503,0.0124193629564428,0.114051849139054,0.958542885518307,0.0110735993685904,0.0303835151131028
"66",0.954228233672397,0.00788641636740897,0.0378853499601944,0.871028246295487,0.0128045333744119,0.116167220330101,0.957557952322318,0.0114380435699287,0.0310040041077533
"67",0.953197460877768,0.00814553730143399,0.0386570018207983,0.868484196788067,0.0132008792360559,0.118314923975877,0.956549469026272,0.0118141786634744,0.0316363523102535
"68",0.952143670067609,0.00841295885075586,0.039443371081635,0.865896138672756,0.013608684979401,0.120495176347843,0.955516890676493,0.0122023615282731,0.0322807477952342
"69",0.951066372584431,0.00868893456620671,0.0402446928493626,0.863263576603861,0.0140282402596721,0.122708183136466,0.954459661432662,0.0126029588462878,0.0329373797210506
"70",0.949965071132808,0.00897372502639345,0.0410612038407984,0.860586021183065,0.0144598399409959,0.124954138875939,0.953377214466309,0.0130163473050282,0.0336064382286626
"71",0.948839259730248,0.00926759799033621,0.0418931422794161,0.857862989561205,0.0149037840816573,0.127233226357138,0.952268971866248,0.0134429138000695,0.0342881143336821
"72",0.947688423664465,0.00957082855082964,0.0427407477847052,0.855094006058175,0.0153603779125949,0.12954561602923,0.951134344551575,0.0138830556371117,0.0349825998113135
"73",0.946512039457547,0.00988369928834006,0.0436042612541127,0.852278602800811,0.015829931808823,0.131891465390366,0.949972732192886,0.0143371807332068,0.0356900870739074
"74",0.945309574837482,0.0102065004252355,0.0444839247372825,0.849416320378558,0.0163127612534618,0.13427091836798,0.948783523142401,0.0148057078167534,0.0364107690408456
"75",0.944080488717567,0.0105395299801313,0.0453799813023016,0.846506708516712,0.0168091867940578,0.13668410468923,0.947566094373704,0.0152890666258307,0.0371448390004655
"76",0.942824231184223,0.0108830939221163,0.0462926748936603,0.843549326766925,0.0173195339908744,0.139131139242201,0.946319811431852,0.0157876981044133,0.0378924904637345
"77",0.941540243493763,0.0112375063246102,0.0472222501816272,0.840543745214627,0.0178441333568338,0.141612121428539,0.945044028394645,0.0163020545959794,0.0386539170093755
"78",0.940227958078683,0.011603089518582,0.0481689524027355,0.837489545202982,0.0183833202887909,0.144127134508227,0.943738087845862,0.0168326000339918,0.0394293121201459
"79",0.938886798564079,0.0119801742448438,0.0491330271910771,0.834386320072878,0.0189374349898229,0.146676244937299,0.942401320861332,0.0173798101287004,0.0402188690099674
"80",0.937516179794793,0.0123690998051137,0.0501147204000932,0.83123367591845,0.0195068223822227,0.149259501699328,0.94103304700872,0.0179441725496766,0.0410227804416035
"81",0.936115507873924,0.0127702142115222,0.051114277914554,0.828031232357518,0.0200918320108838,0.151876935631598,0.93963257436196,0.01852618710346,0.0418412385345801
"82",0.934684180213371,0.0131838743342166,0.0521319454524128,0.824778623316289,0.020692817936777,0.154528558746934,0.938199199531296,0.0191263659056581,0.0426744345630456
"83",0.933221585597083,0.013610446046695,0.0531679683562224,0.821475497827575,0.0213101386202188,0.157214363552206,0.936732207709933,0.0197452335468018,0.043522558743265
"84",0.931727104257715,0.0140503043684822,0.0542225913738027,0.818121520841723,0.0219441567936446,0.159934322364633,0.935230872738328,0.0203833272512232,0.0443858000104487
"85",0.93020010796742,0.0145038336047348,0.0552960584278455,0.81471637404937,0.0225952393236066,0.162688386627023,0.933694457187204,0.0210411970281813,0.045264345784615
"86",0.928639960143512,0.0149714274823401,0.0563886123741479,0.811259756715064,0.0232637570617288,0.165476486223207,0.932122212460387,0.0217194058144195,0.0461583817251933
"87",0.927046015969781,0.0154534892820515,0.0575004947481679,0.807751386520707,0.0239500846843624,0.168298528794931,0.930513378918623,0.0224185296072993,0.0470680914740776
"88",0.925417622534227,0.0159504319661748,0.0586319454995977,0.8041910004177,0.0246546005207004,0.171154399061599,0.928867186025541,0.0231391575876102,0.047993656386849
"89",0.923754118984042,0.0164626783012975,0.0597832027146603,0.800578355486601,0.0253776863691256,0.174043958144274,0.927182852516992,0.0238818922311149,0.0489352552518931
"90",0.922054836698638,0.0169906609755275,0.0609545023258347,0.796913229802991,0.0261197273015822,0.176967042895427,0.925459586595009,0.0246473494078427,0.049893063997148
"91",0.920319099481591,0.0175348227096787,0.0621460778087304,0.793195423308207,0.0268811114557822,0.179923465236011,0.923696586147668,0.0254361584681006,0.0508672553842317
"92",0.918546223772347,0.0180956163618171,0.0633581598658362,0.78942475868348,0.0276622298150777,0.182913011501442,0.921893038996161,0.0262489623141291,0.0518579986897102
"93",0.916735518878568,0.0186735050245517,0.0645909760968806,0.785601082225952,0.0284634759758507,0.185935441798197,0.920048123170438,0.0270864174562797,0.0528654593732826
"94",0.914886287230014,0.0192689621144302,0.0658447506555555,0.781724264724954,0.0292852459023021,0.188990489372743,0.918161007214767,0.0279491940525521,0.0538897987326805
"95",0.912997824654866,0.0198824714527655,0.0671197038923684,0.777794202336864,0.0301279376685391,0.192077859994597,0.916230850524626,0.0288379759302798,0.0549311735450945
"96",0.911069420679397,0.0205145273372,0.068416051983403,0.773810817456749,0.0309919511878971,0.195197231355354,0.914256803716324,0.0297534605887102,0.055989735694966
"97",0.909100358851933,0.0211656346032765,0.0697340065447905,0.769774059584954,0.0318776879294546,0.198348252485591,0.912238009030812,0.0306963591811813,0.057065631788007
"98",0.907089917092023,0.0218363086752657,0.071073774232711,0.765683906186701,0.0327855506217365,0.201530543191562,0.910173600773109,0.0316673964755533,0.0581590027513373
"99",0.905037368065765,0.022527075605466,0.0724355563287691,0.761540363542682,0.0337159429436295,0.204743693513688,0.908062705788828,0.0326673107915125,0.0592699834196592
"100",0.902941979588222,0.0232384721011655,0.0738195483106123,0.757343467588578,0.034669269202574,0.207987263208848,0.905904443979255,0.0336968539133224,0.0603987021074227
"101",0.90080301505388,0.0239710455384303,0.0752259394076894,0.753093284741351,0.0356459340001271,0.211260781258522,0.903697928856468,0.0347567909765606,0.061545280166971
"102",0.898619733896071,0.0247253539618544,0.0766549121420745,0.748789912710097,0.0366463418850355,0.214563745404868,0.901442268139964,0.0358479003273405,0.0627098315326956
"103",0.896391392076302,0.0255019660693795,0.078106641854318,0.744433481289184,0.0376708969939927,0.217895621716824,0.899136564396245,0.0369709733524844,0.0638924622512707
"104",0.89411724260441,0.0263014611812718,0.0795812962143182,0.740024153131345,0.0387200026802983,0.221255844188357,0.896779915722832,0.0381268142790817,0.0650932699980864
"105",0.891796536090438,0.0271244291923133,0.081079034717249,0.735562124498351,0.0397940611306794,0.22464381437097,0.894371416478116,0.0393162399418376,0.0663123435800462
"106",0.889428521329136,0.0279714705062453,0.0826000081646185,0.731047625986829,0.0408934729705767,0.228058901042595,0.891910158058456,0.0405400795165951,0.0675497624249491
"107",0.887012445917941,0.02884319595148,0.0841443581305794,0.726480923226771,0.042018636858246,0.231500439914983,0.889395229723879,0.0417991742183876,0.0688055960577337
"108",0.884547556909268,0.029740226677074,0.0857122164136579,0.721862317550233,0.043169949068068,0.234967733381699,0.886825719473711,0.0430943769623696,0.0700799035639196
"109",0.882033101497937,0.030663194027941,0.0873037044741223,0.717192146627709,0.0443478030635092,0.238460050308782,0.884200714973393,0.0444265519859572,0.0713727330406501
"110",0.879468327744471,0.0316127393982659,0.0889189328572628,0.712470785069639,0.0455525890602221,0.241976625870139,0.881519304533688,0.0457965744305082,0.0726841210358039
"111",0.876852485335022,0.0325895140620641,0.0905580006029142,0.707698644990522,0.0467846935798231,0.245516661429655,0.878780578143413,0.0472053298808699,0.0740140919757172
"112",0.87418482637856,0.0335941789798263,0.0922209946416141,0.702876176533071,0.0480444989949317,0.249079324471998,0.87598362855673,0.0486537138611343,0.0753626575821355
"113",0.871464606241975,0.0346274045801729,0.0939079891778524,0.698003868349909,0.0493323830661072,0.252663748583984,0.873127552435957,0.0501426312849528,0.0767298162790897
"114",0.86869108442362,0.0356898705154432,0.0956190450609369,0.693082248040272,0.050648718471363,0.256269033488365,0.870211451550735,0.0516729958587869,0.0781155525904785
"115",0.865863525465788,0.0367822653901407,0.097354209144071,0.688111882539252,0.0519938723289895,0.259894245131759,0.86723443403427,0.0532457294365053,0.0795198365292246
"116",0.862981199906529,0.0379052864611579,0.0991135136323132,0.683093378457146,0.0533682057144636,0.26353841582839,0.864195615697262,0.0548617613237759,0.0809426229789627
"117",0.86004338527112,0.0390596393087123,0.100896975420168,0.678027382366523,0.0547720731722676,0.267200544461209,0.861094121399932,0.0565220275307567,0.0823838510693116
"118",0.857049367103428,0.0402460374769349,0.102704595419637,0.672914581034683,0.0562058222234878,0.270879596741829,0.857929086482469,0.0582274699716487,0.0838434435458823
"119",0.853998440037285,0.0414652020830695,0.104536357879645,0.66775570159928,0.0576697928701062,0.274574505530614,0.854699658253981,0.0599790356097493,0.0853213061362702
"120",0.850889908907894,0.0427178613942619,0.106392229697844,0.662551511684929,0.05916431709694,0.278284171218131,0.851404997539884,0.0617776755467284,0.0868173269133878
"121",0.847723089903174,0.0440047503709443,0.108272159725882,0.65730281945876,0.0606897183722277,0.282007462169012,0.848044280287456,0.0636243440549484,0.0883313756575953
"122",0.844497311754814,0.0453266101758543,0.110176078069332,0.652010473622948,0.0622463111478936,0.285743215229159,0.84461669922904,0.0655199975517604,0.0898633032191998
"123",0.841211916968684,0.0466841876477646,0.112103895383552,0.646675363342402,0.0638344003605635,0.289490236297035,0.841121465602171,0.0674655935148317,0.0914129408829968
"124",0.837866263094093,0.0480782347390476,0.11405550216686,0.641298418105926,0.0654542809344349,0.293247300959639,0.837557810925653,0.0694620893377013,0.0929800997366456
"125",0.834459724031252,0.0495095079162469,0.116030768052501,0.635880607519284,0.0671062372871336,0.297013155193582,0.833924988830314,0.0715104411249108,0.0945645700447756
"126",0.830991691376117,0.0509787675228932,0.11802954110099,0.630422941028796,0.0687905428397212,0.300786516131483,0.830222276942935,0.0736116024262279,0.0961661206308367
"127",0.827461575801636,0.0524867771038635,0.1200516470945,0.624926467574222,0.070507459532033,0.304566072893744,0.826448978821519,0.0757665229096645,0.0977844982688162
"128",0.823868808474237,0.0540343026906599,0.122096888835103,0.619392275169905,0.072257237344553,0.308350487485542,0.822604425939757,0.077976146973189,0.0994194270870543
"129",0.820212842504202,0.0556221120470674,0.12416504544873,0.613821490413291,0.0740401138280443,0.312138395758665,0.818687979718248,0.0802414122952503,0.101070607986501
"130",0.816493154428397,0.0572509738747391,0.126255871696864,0.608215277920187,0.0758563136421633,0.315928408437649,0.814699033599679,0.0825632483244605,0.102737718075861
"131",0.8127092457236,0.0589216569783592,0.12836909729804,0.602574839686287,0.0777060481042971,0.319719112209416,0.810637015164795,0.084942574709034,0.104420410126171
"132",0.808860644348481,0.0606349293901408,0.130504426261378,0.596901414374718,0.0795895147498614,0.32350907087542,0.806501388285695,0.0873802996668399,0.106118312047465
"133",0.804946906312058,0.0623915574535321,0.13266153623441,0.591196276529611,0.0815068969052962,0.327296826565092,0.802291655312531,0.0898773182972093,0.10783102639026
"134",0.80096761726623,0.064192304866133,0.134840077867637,0.585460735715878,0.0834583632749873,0.331080901009135,0.798007359289387,0.0924345108359297,0.109558129874684
"135",0.796922394119779,0.0660379316819549,0.137039674198266,0.579696135585656,0.08544406754333,0.334859796871014,0.793648086194676,0.095052740855168,0.111299172950156
"136",0.792810886670963,0.0679291932733054,0.139259920055732,0.573903852872092,0.087464147993133,0.338631999134775,0.789213467201017,0.097732853410392,0.113053679388591
"137",0.788632779255621,0.0698668392527263,0.141500381491653,0.568085296311399,0.0895187271415378,0.342395976547063,0.784703180949156,0.10047567313669,0.114821145914154
"138",0.784387792407453,0.0718516123555785,0.143760595236968,0.562241905494338,0.0916079113945985,0.346150183111063,0.780116955830105,0.103282002297241,0.116601041872653
"139",0.780075684526893,0.0738842472840369,0.14604006818907,0.556375149648561,0.0937317907216381,0.349893059629801,0.775454572269254,0.106152618787052,0.118392808943694
"140",0.775696253554759,0.0759654695134331,0.148338276931808,0.55048652635345,0.0958904383504507,0.353623035296099,0.770715865005841,0.109088274095433,0.120195860898727
"141",0.771249338646616,0.0780959940620731,0.150654667291311,0.544577560189388,0.0980839104843846,0.357338529326228,0.765900725360768,0.112089691231078,0.122009583408154
"142",0.766734821843558,0.080276524225847,0.152988653930595,0.538649801323574,0.100312246042283,0.361037952634144,0.76100910348537,0.115157562613991,0.123833333900639
"143",0.762152629734853,0.0825077502791497,0.155339619985997,0.532704824034801,0.102575466422208,0.364719709542991,0.756041010583375,0.118292547938886,0.125666441477739
"144",0.757502735107699,0.0847903481438362,0.157706916748465,0.526744225179799,0.104873575289826,0.368382199530375,0.750996521097977,0.121495272015068,0.127508206886955
"145",0.75278515857908,0.0871249780281459,0.160089863392774,0.520769622603986,0.107206558392239,0.372023819003775,0.745875774855549,0.124766322588231,0.12935790255622
"146",0.747999970204521,0.0895122830377489,0.16248774675773,0.514782653499714,0.109574383398019,0.375642963102267,0.740678979157295,0.128106248149932,0.131214772692773
"147",0.743147291058313,0.0919528877612837,0.164899821180403,0.508784972715267,0.111976999764098,0.379238027520635,0.735406410809791,0.131515555740936,0.133078033449272
"148",0.738227294779606,0.0944473968329789,0.167325308387415,0.502778251018101,0.114414338630103,0.382807410351796,0.73005841808516,0.134994708754975,0.134946873159865
"149",0.733240209078568,0.0969963934751794,0.169763397446252,0.49676417331599,0.116886312740652,0.386349513943358,0.724635422601381,0.138544124749806,0.136820452648813
"150",0.72818631719667,0.099600438023813,0.172213244779517,0.490744436839923,0.119392816396031,0.389862746764046,0.719137921113089,0.142164173272841,0.13869790561407
"151",0.72306595931497,0.102260066440068,0.174673974244963,0.484720749292765,0.121933725431597,0.393345525275638,0.713566487203034,0.145855173708897,0.140578339088069
"152",0.717879533904207,0.104975788811763,0.177144677284031,0.478694826967827,0.124508897226165,0.396796275806008,0.707921772864343,0.149617393157957,0.1424608339777
"153",0.712627499010347,0.107748087848115,0.179624413141538,0.472668392841652,0.127118170739541,0.400213436418808,0.702204509963625,0.15345104435108,0.144344445685295
"154",0.707310373469198,0.11057741737182,0.182112209158982,0.466643174645408,0.129761366579274,0.403595458775318,0.696415511575012,0.157356283612881,0.146228204812107
"155",0.701928738043621,0.113464200812567,0.184607061143813,0.46062090291941,0.132438287096619,0.406940809983971,0.690555673175285,0.161333208879171,0.148111117945544
"156",0.69648323647688,0.116408829706295,0.187107933816825,0.454603309055346,0.135148716511587,0.410247974433067,0.684625973690347,0.165381857778575,0.149992168531078
"157",0.690974576455647,0.119411662204714,0.189613761339639,0.448592123330869,0.137892421066896,0.413515455602234,0.678627476383516,0.169502205787047,0.151870317829438
"158",0.685403530476232,0.122473021599738,0.19212344792403,0.442589072941255,0.14066914921052,0.416741777848225,0.67256132957634,0.173694164464323,0.153744505959337
"159",0.679770936607695,0.125593194867697,0.194635868524608,0.436595880032837,0.143478631806448,0.419925488160715,0.666428767192977,0.177957579781386,0.155613653025636
"160",0.674077699145585,0.128772431238286,0.197149869616129,0.430614259742959,0.146320582373189,0.423065157883853,0.660231109119541,0.182292230548025,0.157476660332434
"161",0.668324789150203,0.132010940793368,0.199664270056429,0.424645918251159,0.149194697349449,0.426159384399392,0.653969761370291,0.186697826949516,0.159332411680193
"162",0.662513244863491,0.135308893100846,0.202177862035664,0.418692550846267,0.152100656386341,0.429206792767392,0.647646216053062,0.191174009201355,0.161179774745583
"163",0.656644171998828,0.138666415888902,0.20468941211227,0.412755840014047,0.155038122665381,0.432206037320572,0.641262051126898,0.195720346330796,0.163017602542306
"164",0.650718743898325,0.142083593765978,0.207197662335697,0.406837453549949,0.158006743241475,0.435155803208575,0.634818929945556,0.200336335093723,0.164844734960721
"165",0.644738201552482,0.145560466991885,0.209701331455633,0.400939042701438,0.161006149410001,0.438054807888562,0.628318600581221,0.205021399035141,0.166660000383638
"166",0.638703853477412,0.149097030305479,0.212199116217109,0.395062240344267,0.164035957097013,0.440901802558719,0.621762894923614,0.209774887701163,0.168462217375223
"167",0.632617075445237,0.152693231814297,0.214689692740466,0.389208659196936,0.167095767271567,0.443695573531497,0.615153727550483,0.214596076010036,0.170250196439481
"168",0.626479310063673,0.15634897195152,0.217171717984807,0.383379890077419,0.170185166379035,0.446434943543545,0.608493094366406,0.219484163789238,0.172022741844356
"169",0.62029206620126,0.160064102505555,0.219643831293185,0.377577500206125,0.173303726794297,0.449118772999578,0.60178307100778,0.224438275485167,0.173778653507053
"170",0.614056918255231,0.163838425727425,0.222104656017344,0.371803031558828,0.176451007293567,0.451745961147605,0.595025811012912,0.229457460051371,0.175516728935717
"171",0.607775505259509,0.167671693521025,0.224552801219466,0.366057999273171,0.179626553543633,0.454315447183196,0.588223543757142,0.234540691020611,0.177235765222247
"172",0.601449529830897,0.17156360672114,0.226986863447963,0.360343890112111,0.182829898607182,0.456826211280707,0.581378572154062,0.239686866765371,0.178934561080567
"173",0.595080756952136,0.175513814463916,0.229405428583948,0.354662160987478,0.186060563462901,0.459277275549621,0.574493270125005,0.244894810950661,0.180611918924333
"174",0.588671012591112,0.179521913654256,0.231807073754631,0.349014237546585,0.189318057538977,0.461667704914438,0.567570079840118,0.250163273182203,0.182266646977679
"175",0.582222182156163,0.183587448534354,0.234190369309483,0.343401512824617,0.192601879258606,0.463996607916777,0.560611508735519,0.255490929852199,0.183897561412282
"176",0.575736208788089,0.187709910357274,0.236553880854637,0.337825345965266,0.195911516596104,0.46626313743863,0.553620126312192,0.260876385184067,0.185503488503742
"177",0.569215091490186,0.191888737169179,0.238896171340634,0.332287061011837,0.199246447642199,0.468466491345964,0.546598560723444,0.266318172476577,0.18708326679998
"178",0.562660883098316,0.19612331370346,0.241215803198224,0.326787945770811,0.20260614117707,0.470605913052119,0.539549495158925,0.271814755546904,0.18863574929417
"179",0.556075688093735,0.200412971389614,0.243511340516651,0.321329250749582,0.205990057249703,0.472680692000715,0.532475664034336,0.277364530371158,0.190159805594506
"180",0.549461660262159,0.20475698847936,0.245781351258482,0.315912188169829,0.209397647762136,0.474690164068035,0.525379848997056,0.28296582691998,0.191654324082964
"181",0.542821000203232,0.209154590291997,0.248024409504771,0.310537931057727,0.212828357057188,0.476633711885085,0.518264874759026,0.288616911185816,0.193118214055158
"182",0.536155952695315,0.213604949580614,0.25023909772407,0.305207612411955,0.216281622508246,0.478510765079798,0.511133604769198,0.29431598739752,0.194550407833282
"183",0.529468803921207,0.218107187020237,0.252424009058555,0.299922324450161,0.219756875109758,0.480320800440081,0.503988936738891,0.300061200416934,0.195949862844175
"184",0.522761878561125,0.222660371818548,0.254577749620327,0.294683117934338,0.223253540067057,0.482063341998605,0.496833798034242,0.305850638311196,0.197315563654562
"185",0.516037536759944,0.227263522449292,0.256698940790764,0.289491001575281,0.226771037384208,0.483737961040511,0.489671140950815,0.311682335093539,0.198646523955646
"186",0.509298170976361,0.231915607507964,0.258786221515675,0.28434694151606,0.230308782448573,0.485344276035367,0.48250393788615,0.317554273624501,0.199941788489348
"187",0.502546202722265,0.23661554668888,0.260838250588855,0.279251860894191,0.233866186610864,0.486881952494945,0.475335176426732,0.323464388664565,0.201200434908703
"188",0.495784079201217,0.24136221188215,0.262853708916633,0.274206639481975,0.237442657759468,0.488350702758556,0.468167854366386,0.329410570068461,0.202421575565153
"189",0.489014269855468,0.246154428388612,0.26483130175592,0.269212113404233,0.241037600887888,0.48975028570788,0.461004974673609,0.335390666110592,0.203604359215798
"190",0.482239262831495,0.250990976250199,0.266769760918306,0.264269074932444,0.244650418654192,0.491080506413364,0.453849540425708,0.34140248693034,0.204747972643952
"191",0.475461561374463,0.255870591692736,0.2686678469328,0.259378272354108,0.248280511931426,0.492341215714466,0.446704549727844,0.347443808085373,0.205851642186783
"192",0.46868368016249,0.260791968677614,0.270524351159896,0.254540409915931,0.251927280347978,0.493532309736091,0.439572990635272,0.353512374200515,0.206914635164213
"193",0.461908141591892,0.26575376055833,0.272338097849777,0.249756147839265,0.255590122816965,0.49465372934377,0.432457836097061,0.359605902699228,0.20793626120371
"194",0.455137472024955,0.270754581837375,0.27410794613767,0.245026102406051,0.25926843805376,0.495705459540189,0.425362038939521,0.365722087604371,0.208915873456108
"195",0.44837419801197,0.275793010018494,0.275832791969537,0.240350846113354,0.262961625080841,0.496687528805806,0.418288526907366,0.371858603394525,0.209852869698109
"196",0.441620842499495,0.280867587548917,0.277511569951588,0.235730907894428,0.266669083719209,0.497600008386363,0.411240197780344,0.378013108901981,0.210746693317675
