"","cremother","cremcrem","cremliom","otherother","othercrem","otherliom","liomother","liomcrem","liomliom"
"1",0.0408863272981174,0.817907155140026,0.153987339471673,0.0802842087126043,0.47984639451119,0.47984639451119,0.0228858109175651,0.135909591668926,0.841204597413509
"2",0.041317338668318,0.816535509963817,0.155062704859794,0.0808787301200796,0.47755484790478,0.47755484790478,0.0229916944605153,0.134887470754159,0.842120834785326
"3",0.0417523536332398,0.815155622373231,0.156143560567387,0.0814758703168721,0.475263839731051,0.475263839731051,0.0230978559662724,0.133871808549063,0.843030335484665
"4",0.0421913996159843,0.813767476039392,0.157229904072526,0.0820756220538223,0.472973465510911,0.472973465510911,0.0232042960352586,0.132862582256805,0.843933121707937
"5",0.0426345040544739,0.812371055152555,0.158321732323964,0.0826779779189747,0.470683820693342,0.470683820693342,0.0233110152758537,0.131859768884987,0.844829215839159
"6",0.0430816943980167,0.81096634443085,0.159419041734751,0.0832829303390175,0.468395000639563,0.468395000639563,0.0234180143043761,0.130863345250634,0.845718640444989
"7",0.0435329981038188,0.809553329129049,0.16052182817587,0.0838904715807604,0.466107100607219,0.466107100607219,0.0235252937450627,0.129873287985131,0.846601418269806
"8",0.0439884426334411,0.808131995047339,0.161630086969891,0.084500593752651,0.463820215734597,0.463820215734597,0.0236328542300492,0.128889573539127,0.847477572230824
"9",0.0444480554492041,0.806702328540111,0.162743812884662,0.0851132888063278,0.461534441024881,0.461534441024881,0.0237406963993487,0.127912178187393,0.848347125413258
"10",0.0449118640105381,0.805264316524756,0.163863000127015,0.0857285485382107,0.45924987133045,0.45924987133045,0.0238488209008311,0.126941078033646,0.849210101065523
"11",0.0453798957702808,0.803817946490474,0.164987642336505,0.0863463645911275,0.456966601337218,0.456966601337218,0.0239572283902006,0.125976249015318,0.850066522594481
"12",0.0458521781709213,0.802363206507075,0.166117732579192,0.0869667284559754,0.454684725549031,0.454684725549031,0.024065919530974,0.125017666908296,0.85091641356073
"13",0.0463287386407917,0.800900085233795,0.167253263341441,0.0875896314734185,0.452404338272118,0.452404338272118,0.0241748949944572,0.124065307331608,0.851759797673935
"14",0.0468096045902059,0.799428571928102,0.168394226523769,0.0882150648356184,0.450125533599609,0.450125533599609,0.0242841554597225,0.123119145752076,0.852596698788202
"15",0.0472948034075461,0.797948656454502,0.169540613434735,0.0888430195879997,0.447848405396119,0.447848405396119,0.0243937016135844,0.122179157488916,0.853427140897499
"16",0.047784362455297,0.796460329293336,0.170692414784861,0.0894734866310471,0.445573047282405,0.445573047282405,0.0245035341505757,0.121245317718302,0.854251148131122
"17",0.048278309066029,0.794963581549569,0.17184962068061,0.0901064567221359,0.443299552620107,0.443299552620107,0.0246136537729229,0.120317601477879,0.855068744749198
"18",0.0487766705383294,0.793458404961569,0.173012220618403,0.090741920477393,0.441028014496567,0.441028014496567,0.0247240611905207,0.119395983671235,0.855879955138244
"19",0.0492794741326832,0.791944791909864,0.174180203478691,0.09137986837359,0.438758525709746,0.438758525709746,0.0248347571209071,0.118480439072333,0.85668480380676
"20",0.0497867470673031,0.790422735425888,0.175353557520079,0.0920202907500645,0.436491178753224,0.436491178753224,0.0249457422892373,0.117570942329885,0.857483315380877
"21",0.0502985165139095,0.788892229200702,0.176532270373503,0.0926631778106729,0.434226065801315,0.434226065801315,0.0250570174282573,0.116667467971698,0.858275514600044
"22",0.050814809593461,0.78735326759369,0.177716329036471,0.09330851962577,0.431963278694272,0.431963278694272,0.0251685832782776,0.115769990408959,0.859061426312764
"23",0.0513356533718358,0.785805845641229,0.178905719867358,0.093956306134217,0.429702908923615,0.429702908923615,0.0252804405871462,0.114878483940481,0.859841075472372
"24",0.0518610748554646,0.78424995906533,0.180100428579773,0.094606527145417,0.427445047617561,0.427445047617561,0.0253925901102212,0.113992922756911,0.860614487132868
"25",0.0523911009869156,0.78268560428224,0.181300440236985,0.0952591723413757,0.425189785526589,0.425189785526589,0.025505032610343,0.113113280944875,0.861381686444782
"26",0.0529257586404319,0.781112778411014,0.182505739246426,0.0959142312787881,0.422937213009113,0.422937213009113,0.0256177688578068,0.112239532491092,0.862142698651101
"27",0.0534650746174224,0.779531479282038,0.18371630935426,0.0965716933911499,0.420687420017299,0.420687420017299,0.0257307996303342,0.111371651286437,0.862897549083229
"28",0.0540090756419067,0.777941705445517,0.184932133640033,0.0972315479908924,0.418440496083005,0.418440496083005,0.0258441257130445,0.110509611129953,0.863646263157003
"29",0.0545577883559142,0.776343456179908,0.186153194511397,0.0978937842715398,0.416196530303867,0.416196530303867,0.0259577478984259,0.109653385732825,0.864388866368749
"30",0.0551112393148393,0.774736731500308,0.187379473698918,0.0985583913098899,0.413955611329522,0.413955611329522,0.0260716669863067,0.108802948722303,0.865125384291391
"31",0.0556694549827516,0.773121532166786,0.188610952250968,0.0992253580682144,0.411717827347983,0.411717827347983,0.0261858837838255,0.107958273645576,0.865855842570599
"32",0.0562324617276643,0.771497859692656,0.189847610528703,0.0998946733964809,0.409483266072161,0.409483266072161,0.0263003991054021,0.107119333973607,0.866580266920991
"33",0.0568002858167591,0.769865716352692,0.191089428201134,0.100566326034594,0.40725201472655,0.40725201472655,0.0264152137727073,0.106286103104914,0.867298683122379
"34",0.0573729534115704,0.768225105191271,0.192336384240286,0.101240304614654,0.405024160034064,0.405024160034064,0.0265303286146331,0.10545855436931,0.868011117016057
"35",0.0579504905631288,0.76657603003046,0.193588456916458,0.101916597663235,0.402799788203044,0.402799788203044,0.0266457444672623,0.104636661031593,0.868717594501145
"36",0.058532923207065,0.764918495478021,0.194845623793584,0.102595193603679,0.400578984914429,0.400578984914429,0.0267614621738378,0.103820396295191,0.869418141530971
"37",0.0591202771586744,0.763252506935338,0.196107861724688,0.103276080758407,0.398361835309099,0.398361835309099,0.0268774825847326,0.103009733305761,0.870112784109506
"38",0.0597125781079453,0.761578070605279,0.197375146847454,0.103959247351242,0.396148423975402,0.396148423975402,0.0269938065574182,0.10220464515474,0.870801548287842
"39",0.0603098516145489,0.759895193499957,0.198647454579897,0.10464468150975,0.393938834936845,0.393938834936845,0.0271104349564341,0.101405104882851,0.871484460160715
"40",0.060912123102795,0.758203883448416,0.19992475961615,0.105332371267594,0.391733151639984,0.391733151639984,0.0272273686533565,0.100611085483561,0.872161545863082
"41",0.0615194178565523,0.756504149104223,0.201207035922365,0.106022304566897,0.389531456942488,0.389531456942488,0.0273446085267666,0.0998225599064986,0.872832831566735
"42",0.0621317610141353,0.754795999952962,0.202494256732729,0.10671446926062,0.387333833101399,0.387333833101399,0.0274621554622197,0.0990395010608156,0.873498343476965
"43",0.06274917756316,0.753079446319635,0.203786394545605,0.10740885311495,0.385140361761585,0.385140361761585,0.0275800103522132,0.0982618818185109,0.874158107829276
"44",0.0633716923353666,0.751354499375957,0.205083421119792,0.108105443811695,0.382951123944387,0.382951123944387,0.027698174096155,0.0974896750177053,0.87481215088614
"45",0.0639993300014143,0.749621171147544,0.206385307470915,0.108804228950691,0.380766200036466,0.380766200036466,0.0278166476003316,0.0967228534658705,0.875460498933798
"46",0.0646321150656461,0.747879474520993,0.207692023867945,0.10950519605222,0.378585669778852,0.378585669778852,0.0279354317778761,0.0959613899430129,0.876103178279111
"47",0.0652700718608273,0.746129423250848,0.209003539829851,0.110208332559422,0.376409612256198,0.376409612256198,0.0280545275487364,0.0952052572048121,0.876740215246451
"48",0.0659132245428566,0.744371031966444,0.210319824122387,0.11091362584073,0.374238105886243,0.374238105886243,0.0281739358396425,0.0944544279857136,0.877371636174644
"49",0.0665615970854544,0.742604316178636,0.211640844755021,0.111621063192301,0.372071228409485,0.372071228409485,0.0282936575840749,0.0937088750019766,0.877997467413948
"50",0.0672152132748264,0.740829292286393,0.212966568978005,0.112330631840449,0.369909056879064,0.369909056879064,0.0284136937222318,0.0929685709546768,0.878617735323091
"51",0.0678740967043055,0.739045977583269,0.214296963279586,0.113042318944089,0.367751667650862,0.367751667650862,0.0285340452009971,0.0922334885326644,0.879232466266338
"52",0.0685382707689742,0.737254390263736,0.215631993383373,0.113756111597176,0.365599136373825,0.365599136373825,0.0286547129739076,0.0915036004154771,0.879841686610615
"53",0.0692077586602671,0.735454549429381,0.216971624245848,0.114471996831154,0.363451537980494,0.363451537980494,0.0287756980011209,0.0907788792762095,0.880445422722669
"54",0.0698825833605566,0.73364647509496,0.218315820054036,0.115189961617398,0.361308946677772,0.361308946677772,0.0288970012493826,0.0900592977843376,0.88104370096628
"55",0.0705627676377222,0.731830188194304,0.219664544223328,0.115909992869661,0.359171435937899,0.359171435937899,0.0290186236919939,0.0893448286084993,0.881636547699507
"56",0.0712483340397063,0.73000571058608,0.221017759395469,0.116632077446516,0.357039078489666,0.357039078489666,0.029140566308779,0.0886354444192314,0.88222398927199
"57",0.0719393048890566,0.728173065059391,0.222375427436702,0.117356202153803,0.354911946309848,0.354911946309848,0.0292628300860522,0.0879311178916636,0.882806052022284
"58",0.0726357022774579,0.726332275339225,0.223737509436085,0.118082353747063,0.352790110614868,0.352790110614868,0.0293854160165859,0.0872318217081677,0.883382762275246
"59",0.0733375480602544,0.724483366091734,0.22510396570397,0.11881051893398,0.350673641852691,0.350673641852691,0.0295083250995774,0.0865375285609651,0.883954146339458
"60",0.0740448638509644,0.722626362929354,0.226474755770658,0.119540684376811,0.348562609694952,0.348562609694952,0.0296315583406166,0.0858482111546911,0.884520230504692
"61",0.0747576710157891,0.720761292415754,0.22784983838523,0.12027283669481,0.346457083029313,0.346457083029313,0.0297551167516532,0.0851638422089165,0.88508104103943
"62",0.0754759906681172,0.718888182070605,0.229229171514544,0.121006962466658,0.344357129952054,0.344357129952054,0.0298790013509642,0.084484394460627,0.885636604188409
"63",0.076199843663027,0.717007060374175,0.230612712342425,0.121743048232866,0.342262817760904,0.342262817760904,0.0300032131631214,0.0838098406666605,0.886186946170218
"64",0.0769292505917883,0.715117956771747,0.232000417269029,0.122481080498193,0.340174212948102,0.340174212948102,0.0301277532189586,0.0831401536061034,0.886732093174938
"65",0.0776642317763653,0.713220901677843,0.233392241910395,0.123221045734035,0.338091381193697,0.338091381193697,0.0302526225555393,0.0824753060826438,0.887272071361817
"66",0.078404807263923,0.711315926480263,0.234788141098183,0.123962930380822,0.336014387359086,0.336014387359086,0.0303778222161241,0.0818152709268855,0.88780690685699
"67",0.0791509968213378,0.709403063543929,0.2361880688796,0.124706720850392,0.333943295480787,0.333943295480787,0.0305033532501382,0.0811600209986196,0.888336625751242
"68",0.0799028199297164,0.707482346214534,0.237591978517527,0.125452403528365,0.331878168764453,0.331878168764453,0.0306292167131391,0.0805095291890568,0.888861254097804
"69",0.0806602957789225,0.705553808821986,0.238999822490826,0.126199964776496,0.329819069579126,0.329819069579126,0.0307554136667843,0.0798637684230178,0.889380817910198
"70",0.0814234432621151,0.703617486683654,0.240411552494859,0.126949390935022,0.327766059451724,0.327766059451724,0.0308819451787988,0.0792227116610858,0.889895343160115
"71",0.0821922809702989,0.701673416107398,0.2418271194422,0.127700668324996,0.325719199061772,0.325719199061772,0.0310088123229432,0.0785863319017172,0.89040485577534
"72",0.082966827186891,0.699721634394391,0.243246473463544,0.128453783250603,0.32367854823637,0.32367854823637,0.0311360161789811,0.077954602183315,0.890909381637704
"73",0.0837470998823028,0.697762179841728,0.244669563908829,0.129208722001469,0.3216441659454,0.3216441659454,0.0312635578326475,0.0773274955862615,0.891408946581091
"74",0.0845331167085423,0.695795091744808,0.246096339348558,0.129965470854946,0.319616110296972,0.319616110296972,0.0313914383756162,0.076704985234913,0.891903576389471
"75",0.0853248949938369,0.693820410399507,0.247526747575332,0.130724016078388,0.317594438533107,0.317594438533107,0.0315196589054687,0.0760870442995568,0.892393296794975
"76",0.0861224517372794,0.691838177104106,0.248960735605589,0.131484343931408,0.315579207025659,0.315579207025659,0.0316482205256614,0.0754736459983285,0.89287813347601
"77",0.0869258036034991,0.689848434161009,0.250398249681561,0.132246440668121,0.313570471272475,0.313570471272475,0.0317771243454946,0.0748647635990935,0.893358112055412
"78",0.0877349669173609,0.687851224878215,0.25183923527344,0.133010292539366,0.311568285893788,0.311568285893788,0.0319063714800807,0.0742603704212896,0.89383325809863
"79",0.0885499576586935,0.685846593570558,0.25328363708176,0.133775885794906,0.309572704628851,0.309572704628851,0.0320359630503121,0.0736604398377332,0.894303597111955
"80",0.0893707914570496,0.683834585560715,0.254731399039998,0.134543206685624,0.307583780332803,0.307583780332803,0.0321659001828305,0.0730649452763888,0.894769154540781
"81",0.0901974835864994,0.681815247179957,0.256182464317395,0.13531224146568,0.305601564973769,0.305601564973769,0.032296184009995,0.0724738602221025,0.895229955767903
"82",0.0910300489604613,0.67978862576867,0.257636775321993,0.136082976394664,0.303626109630194,0.303626109630194,0.0324268156698513,0.0718871582182981,0.895686026111851
"83",0.0918685021265698,0.677754769676617,0.259094273703898,0.136855397739717,0.301657464488411,0.301657464488411,0.0325577963061001,0.0713048128686395,0.89613739082526
"84",0.0927128572615847,0.675713728262956,0.260554900358764,0.13762949177764,0.299695678840433,0.299695678840433,0.0326891270680665,0.0707267978386561,0.896584075093277
"85",0.0935631281663421,0.673665551895998,0.2620185954315,0.138405244796976,0.297740801081986,0.297740801081986,0.0328208091106688,0.0701530868573342,0.897026104031997
"86",0.0944193282607518,0.671610291952715,0.263485298320209,0.13918264310007,0.295792878710759,0.295792878710759,0.0329528435943878,0.0695836537186734,0.897463502686939
"87",0.0952814705788403,0.669548000817986,0.264954947680346,0.139961673005107,0.293851958324885,0.293851958324885,0.0330852316852365,0.0690184722832087,0.897896296031555
"88",0.0961495677638441,0.667478731883576,0.266427481429109,0.14074232084813,0.291918085621648,0.291918085621648,0.033217974554729,0.0684575164794988,0.898324508965772
"89",0.0970236320633548,0.665402539546861,0.267902836750053,0.141524572985028,0.289991305396416,0.289991305396416,0.0333510733798506,0.0679007603055809,0.898748166314568
"90",0.0979036753245173,0.663319479209278,0.269380950097944,0.142308415793507,0.288071661541785,0.288071661541785,0.0334845293430272,0.0673481778303923,0.89916729282658
"91",0.098789708989285,0.661229607274512,0.270861757203831,0.143093835675027,0.286159197046959,0.286159197046959,0.0336183436320955,0.0667997431951584,0.899581913172746
"92",0.0996817440897331,0.659132981146408,0.272345193080353,0.143880819056727,0.284253953997333,0.284253953997333,0.0337525174402727,0.0662554306147499,0.899992051944977
"93",0.100579791243432,0.65702965922661,0.273831192027285,0.144669352393313,0.282355973574301,0.282355973574301,0.033887051966127,0.0657152143790059,0.900397733654867
"94",0.101483860648885,0.654919700911933,0.275319687637301,0.145459422168925,0.280465296055276,0.280465296055276,0.0340219484135475,0.0651790688540264,0.900798982732426
"95",0.102393962081029,0.652803166591443,0.276810612801983,0.146251014898979,0.278581960813921,0.278581960813921,0.0341572079917151,0.0646469684834335,0.901195823524851
"96",0.103310104886805,0.650680117643277,0.278303899718054,0.147044117131978,0.276706006320589,0.276706006320589,0.0342928319150728,0.0641188877896003,0.901588280295327
"97",0.104232297980795,0.648550616431166,0.279799479893843,0.147838715451302,0.274837470142974,0.274837470142974,0.0344288214032963,0.0635948013748509,0.901976377221853
"98",0.105160549840936,0.646414726300691,0.281297284155987,0.148634796476968,0.272976388946966,0.272976388946966,0.0345651776812655,0.0630746839226281,0.902360138396106
"99",0.106094868504302,0.644272511575242,0.282797242656362,0.149432346867358,0.271122798497703,0.271122798497703,0.0347019019790349,0.062558510198633,0.902739587822332
"100",0.107035261562963,0.642124037551708,0.284299284879246,0.150231353320929,0.269276733660835,0.269276733660835,0.0348389955318051,0.0620462550519331,0.903114749416262
"101",0.107981736159931,0.639969370495867,0.285803339648711,0.151031802577885,0.267438228403975,0.267438228403975,0.0349764595798941,0.0615378934160431,0.903485647004063
"102",0.108934298985171,0.637808577637501,0.287309335136251,0.151833681421827,0.265607315798351,0.265607315798351,0.0351142953687091,0.0610334003099746,0.903852304321316
"103",0.109892956271713,0.635641727165219,0.28881719886864,0.15263697668137,0.263784028020651,0.263784028020651,0.0352525041487174,0.0605327508392594,0.904214745012023
"104",0.110857713791829,0.633468888220991,0.290326857736009,0.153441675231736,0.261968396355057,0.261968396355057,0.0353910871754193,0.0600359201969428,0.904572992627638
"105",0.111828576853317,0.631290130894397,0.291838238000169,0.154247763996315,0.260160451195463,0.260160451195463,0.0355300457093191,0.0595428836645503,0.904927070626131
"106",0.112805550295857,0.629105526216585,0.293351265303145,0.155055229948195,0.258360222047885,0.258360222047885,0.035669381015898,0.0590536166130259,0.905277002371076
"107",0.113788638487471,0.62691514615394,0.294865864675949,0.155864060111664,0.256567737533049,0.256567737533049,0.0358090943655859,0.0585680945036441,0.90562281113077
"108",0.114777845321067,0.624719063601462,0.296381960547572,0.156674241563685,0.254783025389156,0.254783025389156,0.0359491870337342,0.0580862928888939,0.905964520077372
"109",0.115773174211081,0.622517352375861,0.297899476754201,0.157485761435338,0.253006112474827,0.253006112474827,0.0360896603005882,0.0576081874133381,0.906302152286074
"110",0.116774628090224,0.620310087208352,0.299418336548659,0.158298606913231,0.25123702477222,0.25123702477222,0.0362305154512603,0.0571337538144445,0.906635730734295
"111",0.117782209406311,0.618097343737167,0.300938462610069,0.159112765240886,0.249475787390315,0.249475787390315,0.0363717537757025,0.0566629679233929,0.906965278300905
"112",0.11879592011921,0.615879198499783,0.30245977705373,0.159928223720087,0.247722424568374,0.247722424568374,0.0365133765686798,0.0561958056658559,0.907290817765464
"113",0.119815761697881,0.613655728924848,0.303982201441222,0.160744969712207,0.245976959679553,0.245976959679553,0.0366553851297435,0.055732243062755,0.907612371807502
"114",0.120841735117525,0.611427013323836,0.305505656790713,0.161562990639496,0.244239415234687,0.244239415234687,0.0367977807632047,0.0552722562309917,0.907929963005804
"115",0.121873840856841,0.609193130882398,0.30703006358749,0.162382273986341,0.242509812886228,0.242509812886228,0.036940564778108,0.0548158213841544,0.908243613837738
"116",0.122912078895385,0.606954161651442,0.308555341794699,0.163202807300502,0.240788173432337,0.240788173432337,0.0370837384882048,0.0543629148332012,0.908553346678594
"117",0.12395644871105,0.604710186537918,0.310081410864291,0.164024578194306,0.239074516821132,0.239074516821132,0.0372273032119282,0.053913512987119,0.908859183800953
"118",0.125006949277645,0.602461287295324,0.311608189748174,0.16484757434582,0.237368862155082,0.237368862155082,0.0373712602723664,0.0534675923535591,0.909161147374074
"119",0.1260635790626,0.60020754651393,0.313135596909578,0.165671783499987,0.235671227695543,0.235671227695543,0.0375156109972371,0.0530251295394504,0.909459259463313
"120",0.127126336024781,0.597949047610718,0.314663550334611,0.166497193469736,0.233981630867449,0.233981630867449,0.0376603567188625,0.0525861012515888,0.909753542029549
"121",0.128195217612417,0.595685874819045,0.316191967544015,0.167323792137056,0.232300088264126,0.232300088264126,0.0378054987741434,0.0521504842972051,0.910044016928651
"122",0.129270220761155,0.593418113178031,0.317720765605126,0.168151567454046,0.230626615652256,0.230626615652256,0.0379510385045343,0.0517182555845107,0.910330705910955
"123",0.13035134189223,0.591145848521667,0.319249861144018,0.168980507443929,0.228961227976966,0.228961227976966,0.0380969772560182,0.0512893921232216,0.91061363062076
"124",0.131438576910754,0.588869167467655,0.320779170357838,0.169810600202038,0.227303939367045,0.227303939367045,0.0382433163790821,0.0508638710250603,0.910892812595858
"125",0.132531921204136,0.586588157405973,0.322308609027332,0.17064183389677,0.225654763140299,0.225654763140299,0.0383900572286919,0.0504416695042379,0.91116827326707
"126",0.133631369640618,0.584302906487176,0.323838092529545,0.171474196770509,0.224013711809013,0.224013711809013,0.0385372011642684,0.0500227648779145,0.911440033957817
"127",0.134736916567938,0.582013503610427,0.325367535850712,0.172307677140525,0.222380797085545,0.222380797085545,0.0386847495496623,0.0496071345666395,0.911708115883698
"128",0.135848555812128,0.57972003841127,0.326896853599315,0.173142263399831,0.220756029888034,0.220756029888034,0.0388327037531307,0.0491947560947719,0.911972540152097
"129",0.136966280676428,0.577422601249135,0.328425960019312,0.173977944018019,0.219139420346214,0.219139420346214,0.0389810651473126,0.0487856070908802,0.912233327761807
"130",0.138090083940339,0.575121283194598,0.329954769003545,0.174814707542068,0.217530977807351,0.217530977807351,0.0391298351092056,0.0483796652881239,0.91249049960267
"131",0.1392199578588,0.572816176016375,0.331483194107297,0.175652542597108,0.215930710842275,0.215930710842275,0.0392790150201416,0.0479769085246147,0.912744076455244
"132",0.1403558941615,0.570507372168075,0.33301114856202,0.176491437887174,0.214338627251521,0.214338627251521,0.0394286062657636,0.0475773147437595,0.912994078990477
"133",0.141497884052321,0.568194964774702,0.334538545289216,0.177331382195911,0.21275473407157,0.21275473407157,0.0395786102360026,0.0471808619945846,0.913240527769413
"134",0.142645918208915,0.565879047618911,0.336065296914465,0.178172364387265,0.211179037581187,0.211179037581187,0.0397290283250538,0.0467875284320419,0.913483443242904
"135",0.143799986782415,0.563559715127032,0.337591315781609,0.179014373406134,0.209611543307852,0.209611543307852,0.0398798619313544,0.0463972923172965,0.913722845751349
"136",0.144960079397278,0.561237062354853,0.339116513967069,0.179857398278997,0.208052256034282,0.208052256034282,0.0400311124575598,0.0460101320179975,0.913958755524443
"137",0.146126185151272,0.55891118497317,0.34064080329431,0.180701428114508,0.206501179805039,0.206501179805039,0.0401827813105219,0.0456260260085304,0.914191192680948
"138",0.147298292615586,0.556582179253118,0.342164095348428,0.181546452104069,0.204958317933226,0.204958317933226,0.0403348699012658,0.0452449528702538,0.91442017722848
"139",0.148476389835092,0.554250142051268,0.343686301490878,0.182392459522363,0.20342367300726,0.20342367300726,0.0404873796449676,0.0448668912917176,0.914645729063315
"140",0.149660464328733,0.551915170794519,0.345207332874317,0.183239439727872,0.201897246897722,0.201897246897722,0.0406403119609326,0.0444918200688661,0.914867867970201
"141",0.150850503090055,0.54957736346476,0.346727100457567,0.184087382163357,0.200379040764291,0.200379040764291,0.0407936682725727,0.0441197181052242,0.915086613622203
"142",0.152046492587872,0.54723681858334,0.348245515020699,0.184936276356312,0.198869055062734,0.198869055062734,0.0409474500073847,0.0437505644120679,0.915301985580547
"143",0.153248418767081,0.54489363519532,0.349762487180212,0.185786111919395,0.197367289551978,0.197367289551978,0.0411016585969287,0.0433843381085788,0.915514003294493
"144",0.154456267049601,0.542547912853535,0.351277927404332,0.186636878550827,0.195873743301244,0.195873743301244,0.0412562954768063,0.0430210184219835,0.91572268610121
"145",0.155670022335463,0.540199751602458,0.352791746028395,0.187488566034762,0.194388414697236,0.194388414697236,0.0414113620866392,0.0426605846876782,0.915928053225683
"146",0.156889669004031,0.537849251961876,0.354303853270332,0.188341164241641,0.192911301451398,0.192911301451398,0.041566859870048,0.0423030163493373,0.916130123780615
"147",0.158115190915374,0.535496514910382,0.355814159246234,0.189194663128501,0.191442400607227,0.191442400607227,0.041722790274631,0.041948292959009,0.91632891676636
"148",0.159346571411761,0.533141641868694,0.357322573986009,0.190049052739277,0.18998170854763,0.18998170854763,0.0418791547519431,0.0415963941771951,0.916524451070862
"149",0.160583793319312,0.53078473468279,0.358829007449104,0.190904323205067,0.188529221002344,0.188529221002344,0.0420359547574753,0.041247299772918,0.916716745469607
"150",0.161826838949776,0.528425895606896,0.360333369540305,0.191760464744368,0.187084933055392,0.187084933055392,0.0421931917506334,0.0409009896237728,0.916905818625594
"151",0.163075690102454,0.52606522728629,0.361835570125599,0.1926174676633,0.185648839152592,0.185648839152592,0.0423508671947182,0.0405574437159666,0.917091689089315
"152",0.164330328066263,0.523702832739973,0.3633355190481,0.193475322355791,0.184220933109103,0.184220933109103,0.0425089825569045,0.0402166421443443,0.917274375298751
"153",0.165590733621929,0.521338815343175,0.364833126144019,0.194334019303743,0.182801208117008,0.182801208117008,0.0426675393082209,0.0398785651124015,0.917453895579378
"154",0.166856887044328,0.518973278809729,0.366328301258691,0.195193549077175,0.181389656752943,0.181389656752943,0.0428265389235302,0.0395431929322841,0.917630268144186
"155",0.16812876810496,0.5166063271743,0.367820954262642,0.196053902334342,0.179986270985742,0.179986270985742,0.0429859828815087,0.039210506024776,0.917803511093715
"156",0.169406356074561,0.514238064774498,0.369310995067684,0.196915069821819,0.17859104218413,0.17859104218413,0.0431458726646267,0.0388804849192743,0.917973642416099
"157",0.170689629725849,0.511868596232847,0.370798333643052,0.19777704237458,0.177203961124434,0.177203961124434,0.043306209759129,0.0385531102537522,0.918140679987119
"158",0.171978567336407,0.509498026438657,0.372282880031554,0.198639810916039,0.175825017998318,0.175825017998318,0.0434669956550147,0.0382283627747104,0.918304641570275
"159",0.173273146691707,0.507126460529772,0.373764544365747,0.199503366458072,0.174454202420547,0.174454202420547,0.0436282318460186,0.0379062233371166,0.918465544816865
"160",0.174573345088254,0.504754003874221,0.37524323688412,0.200367700101019,0.173091503436766,0.173091503436766,0.043789919829591,0.0375866729043342,0.918623407266075
"161",0.175879139336879,0.502380762051766,0.376718867947282,0.201232803033662,0.171736909531297,0.171736909531297,0.0439520611068793,0.037269692548039,0.918778246345082
"162",0.177190505766149,0.500006840835371,0.378191348054156,0.202098666533179,0.170390408634949,0.170390408634949,0.0441146571827084,0.0369552634481261,0.918930079369165
"163",0.178507420225923,0.497632346172569,0.379660587858157,0.202965281965078,0.169051988132846,0.169051988132846,0.044277709565562,0.0366433668926051,0.919078923541833
"164",0.179829858091025,0.495257384166774,0.381126498183367,0.203832640783114,0.16772163487226,0.16772163487226,0.0444412197675638,0.0363339842774855,0.919224795954951
"165",0.181157794265056,0.492882061058504,0.382588990040681,0.204700734529173,0.16639933517045,0.16639933517045,0.0446051893044588,0.0360270971066517,0.91936771358889
"166",0.182491203184322,0.490506483206553,0.384047974643941,0.20556955483315,0.16508507482251,0.16508507482251,0.0447696196955946,0.0357226869917278,0.919507693312678
"167",0.183830058821902,0.488130757069104,0.385503363426024,0.206439093412797,0.163778839109217,0.163778839109217,0.0449345124639034,0.0354207356519331,0.919644751884164
"168",0.185174334691829,0.485754989184793,0.386955068054907,0.207309342073555,0.162480612804882,0.162480612804882,0.0450998691358831,0.0351212249139272,0.91977890595019
"169",0.186524003853402,0.483379286153731,0.388403000449677,0.208180292708362,0.161190380185193,0.161190380185193,0.0452656912415796,0.0348241367116466,0.919910172046774
"170",0.187879038915612,0.481003754618495,0.3898470727965,0.20905193729745,0.159908125035065,0.159908125035065,0.0454319803145683,0.0345294530861317,0.9200385665993
"171",0.189239412041698,0.478628501245086,0.391287197564531,0.209924267908116,0.158633830656469,0.158633830656469,0.0455987378919366,0.0342371561853444,0.920164105922719
"172",0.190605094953816,0.476253632703874,0.392723287521759,0.210797276694476,0.157367479876267,0.157367479876267,0.0457659655142654,0.0339472282639781,0.920286806221756
"173",0.191976058937822,0.473879255650523,0.394155255750793,0.211670955897201,0.156109055054023,0.156109055054023,0.0459336647256122,0.0336596516832578,0.92040668359113
"174",0.193352274848176,0.471505476706917,0.395583015664568,0.21254529784324,0.154858538089817,0.154858538089817,0.0461018370734927,0.0333744089107326,0.920523754015775
"175",0.194733713112955,0.469132402442085,0.397006481021971,0.213420294945515,0.153615910432026,0.153615910432026,0.0462704841088635,0.0330914825200601,0.920638033371077
"176",0.196120343738983,0.466760139353133,0.398425565943385,0.214295939702613,0.152381153085105,0.152381153085105,0.0464396073861049,0.0328108551907821,0.920749537423113
"177",0.197512136317062,0.464388793846195,0.399840184926138,0.215172224698445,0.151154246617342,0.151154246617342,0.0466092084630034,0.0325325097080935,0.920858281828903
"178",0.198909060027317,0.462018472217407,0.401250252859861,0.216049142601905,0.14993517116859,0.14993517116859,0.0467792889007344,0.0322564289626022,0.920964282136663
"179",0.200311083644646,0.459649280633913,0.402655685041734,0.2169266861665,0.148723906457981,0.148723906457981,0.0469498502638451,0.0319825959500834,0.921067553786071
"180",0.201718175544267,0.457281325114901,0.404056397191629,0.217804848229972,0.147520431791618,0.147520431791618,0.0471208941202378,0.0317109937712247,0.921168112108538
"181",0.203130303707378,0.454914711512698,0.405452305467137,0.218683621713901,0.146324726070236,0.146324726070236,0.0472924220411522,0.0314416056313655,0.921265972327482
"182",0.204547435726902,0.452549545493903,0.406843326478476,0.219562999623297,0.145136767796839,0.145136767796839,0.0474644356011495,0.0311744148402289,0.921361149558622
"183",0.205969538813338,0.45018593252059,0.408229377303271,0.220442975046171,0.143956535084305,0.143956535084305,0.0476369363780949,0.0309094048116471,0.921453658810258
"184",0.207396579800707,0.44782397783157,0.409610375501204,0.221323541153099,0.142784005662965,0.142784005662965,0.0478099259531416,0.0306465590632799,0.921543514983578
"185",0.208828525152581,0.44546378642373,0.410986239128526,0.222204691196767,0.141619156888145,0.141619156888145,0.0479834059107135,0.0303858612163271,0.921630732872959
"186",0.210265340968212,0.443105463033456,0.41235688675243,0.223086418511504,0.140461965747678,0.140461965747678,0.0481573778384891,0.0301272949952346,0.921715327166276
"187",0.211706992988742,0.440749112118134,0.413722237465273,0.223968716512804,0.139312408869375,0.139312408869375,0.0483318433273855,0.0298708442273946,0.92179731244522
"188",0.213153446603499,0.438394837837754,0.415082210898648,0.224851578696832,0.138170462528465,0.138170462528465,0.0485068039715411,0.0296164928428393,0.92187670318562
"189",0.214604666856378,0.43604274403661,0.416436727237294,0.225734998639917,0.137036102654998,0.137036102654998,0.0486822613683004,0.0293642248739294,0.92195351375777
"190",0.216060618452297,0.433692934225113,0.417785707232852,0.226618969998039,0.135909304841199,0.135909304841199,0.048858217118197,0.0291140244550371,0.922027758426766
"191",0.217521265763732,0.431345511561714,0.419129072217443,0.227503486506297,0.13479004434879,0.13479004434879,0.0490346728249382,0.0288658758222231,0.922099451352839
"192",0.218986572837329,0.42900057883495,0.420466744117079,0.228388541978368,0.133678296116266,0.133678296116266,0.0492116300953885,0.0286197633129086,0.922168606591703
"193",0.220456503400584,0.426658238445621,0.421798645464898,0.229274130305958,0.132574034766131,0.132574034766131,0.0493890905395538,0.0283756713655424,0.922235238094904
"194",0.221931020868594,0.424318592389092,0.423124699414213,0.230160245458239,0.131477234612082,0.131477234612082,0.0495670557705658,0.0281335845192627,0.922299359710172
"195",0.223410088350877,0.421981742237752,0.424444829751375,0.231046881481273,0.130387869666156,0.130387869666156,0.0497455274046656,0.0278934874135539,0.92236098518178
"196",0.224893668658246,0.419647789123604,0.42575896090845,0.231934032497434,0.129305913645823,0.129305913645823,0.0499245070611888,0.0276553647878992,0.922420128150912
