"","beta0","beta1"
"1",-1.66326799665014,0.00758077463196316
"2",-1.75354088234397,0.00801922293425411
"3",-1.78850212092838,0.00759605194962829
"4",-1.65928690421698,0.00751212581021524
"5",-1.7714121718609,0.00720500189967678
"6",-1.65636442495533,0.00733550598219926
"7",-1.7046233094487,0.00726036881451461
"8",-1.70912911943393,0.00889017615945222
"9",-1.63804329003045,0.00797843099257048
"10",-1.70335442389858,0.00945804518923517
"11",-1.72140204466118,0.00778357281758248
"12",-1.79214785125851,0.00788994872508636
"13",-1.72391860832013,0.00642665015154348
"14",-1.84761415361491,0.00952895546076304
"15",-1.82336482129947,0.00885372349157143
"16",-1.6696993396001,0.00574680477490784
"17",-1.75436158781593,0.0075518178847216
"18",-1.85559039012162,0.00792237237090253
"19",-1.67162526055695,0.00720957950990291
"20",-1.66945693440441,0.00880424648223985
"21",-1.71849792101823,0.00707679040400154
"22",-1.75331290974437,0.00819078735819522
"23",-1.7887228689619,0.00578745203375236
"24",-1.72196700538158,0.0071948092232536
"25",-1.79932454617839,0.00807415237602357
"26",-1.66939556839259,0.00705818279429266
"27",-1.77780803884491,0.00844111163626757
"28",-1.79374729480813,0.00843061001495942
"29",-1.63052760594391,0.00730530082500146
"30",-1.72622531462329,0.00736478562325693
"31",-1.85231130570684,0.00775043638708619
"32",-1.72163680322842,0.00724939142490177
"33",-1.70165602712554,0.00692525151983089
"34",-1.79197890451174,0.0067503920693035
"35",-1.77822332112854,0.00696917992496002
"36",-1.85766297394851,0.00721196604566863
"37",-1.64955027877039,0.00723782327624508
"38",-1.8445576864885,0.00879020137450998
"39",-1.79279684286258,0.00814022396779251
"40",-1.83871373886372,0.00701580732183891
"41",-1.75076613204807,0.00714633186235566
"42",-1.73835698917566,0.00852284148977916
"43",-1.78731941976621,0.0079801123914561
"44",-1.69786888267004,0.00707251960548039
"45",-1.72116832937752,0.00929885352424681
"46",-1.77055583185063,0.0083963409700072
"47",-1.76681657466132,0.00846814854125111
"48",-1.64151333366957,0.00841609740350168
"49",-1.67620229164105,0.00833890184897185
"50",-1.75509181442138,0.00744020872633553
"51",-1.82656008034641,0.0101721934544787
"52",-1.66360025797883,0.00698014731367481
"53",-1.68034693613908,0.0070292866890921
"54",-1.72065654557796,0.00934925187537544
"55",-1.7627944047049,0.00786469140038668
"56",-1.73446769514572,0.00708755981163153
"57",-1.69718998041344,0.00701162364367938
"58",-1.65173355572202,0.00653812017792807
"59",-1.80750134957702,0.0065091909352305
"60",-1.65580283674526,0.00792149917300968
"61",-1.70287864135741,0.00656391509179487
"62",-1.66548619008011,0.00764800502140936
"63",-1.76713688784027,0.00808544970483956
"64",-1.84561356098388,0.00751912521101934
"65",-1.84246890199191,0.00786307465565564
"66",-1.80483260805867,0.00852632492032412
"67",-1.65287480779182,0.00617767206567251
"68",-1.6988696602676,0.00753742260786403
"69",-1.72204308348203,0.00774993628406073
"70",-1.82656008034641,0.0101721934544787
"71",-1.63080223188512,0.00667546734685232
"72",-1.79153119196818,0.00728903418585637
"73",-1.84130110532993,0.00868057202936199
"74",-1.84288809853866,0.00826229460961566
"75",-1.7258970446033,0.00768604938014601
"76",-1.64665469946472,0.00794256257234493
"77",-1.84075973278374,0.00800529788402731
"78",-1.67309335450837,0.00797953575420119
"79",-1.66024064040021,0.00680991715987727
"80",-1.718482659442,0.00727597206264575
"81",-1.85633562950856,0.00884365114353637
"82",-1.75947844945276,0.00696938284070544
"83",-1.80367616347161,0.00666486853977426
"84",-1.67401847540182,0.00860361638105174
"85",-1.66998869216954,0.00652185639326474
"86",-1.84056736817627,0.00769864587494215
"87",-1.68062851155712,0.00611831061290334
"88",-1.70732886987545,0.00731018804708823
"89",-1.72178791945724,0.00721543740011823
"90",-1.80358117029204,0.00601567745979846
"91",-1.64817988585221,0.00770251019003376
"92",-1.72446532080492,0.00802746007139391
"93",-1.75534867508112,0.00699318953109587
"94",-1.84408420430128,0.00827430314420062
"95",-1.72318490924846,0.00590550257851036
"96",-1.85055120292036,0.00846285526297111
"97",-1.73415116052923,0.00828507270384407
"98",-1.73511575130109,0.00658437394063424
"99",-1.82742630883178,0.00826535502479288
"100",-1.71920989528706,0.00612424902015181
"101",-1.84246890199191,0.00786307465565564
"102",-1.6466442199583,0.00810502051313327
"103",-1.84923758975397,0.00865811754037975
"104",-1.64063620931633,0.00756669045698872
"105",-1.72233297384141,0.0064478465084579
"106",-1.67281322984021,0.00699918209466475
"107",-1.72507128829906,0.00744536856776462
"108",-1.67360230261707,0.00594588209580662
"109",-1.75237549198512,0.00762434887675025
"110",-1.65001231254718,0.00693284730216625
"111",-1.77127164129968,0.00692422220132248
"112",-1.79326541108915,0.00806871447271861
"113",-1.72796780262145,0.00863034764343889
"114",-1.75491239447202,0.00647334554406827
"115",-1.71751728742486,0.00823525575478747
"116",-1.65891426625823,0.00620367680466597
"117",-1.66945886637921,0.00622368198472464
"118",-1.80566315869323,0.00793699343709127
"119",-1.82108959191831,0.0073325878403149
"120",-1.64712516747362,0.00650294313184258
"121",-1.71832361949244,0.00822786867996113
"122",-1.82268291684107,0.00849238494289464
"123",-1.70469143451705,0.00905230430406091
"124",-1.67103657910342,0.00749589230682022
"125",-1.67258159880539,0.00671030310788869
"126",-1.85069759008962,0.00798568816925641
"127",-1.72415045151356,0.00746668952710382
"128",-1.78986424321288,0.00743668193305743
"129",-1.75719811361675,0.00743306304580455
"130",-1.71791595659,0.00752574324052013
"131",-1.65803557389451,0.00741782475114015
"132",-1.78031892699524,0.00664179978009915
"133",-1.73509725408309,0.00818873197391015
"134",-1.81108983525617,0.00760266261010729
"135",-1.7182818900465,0.00778815903117242
"136",-1.65751904761041,0.00531561840394064
"137",-1.84385003169037,0.00822641291828963
"138",-1.69765701872585,0.00718093067187098
"139",-1.63577381743223,0.00789414512012899
"140",-1.85587199131442,0.00762729062243307
"141",-1.83955643521827,0.00874810533994038
"142",-1.67131535847027,0.00737894714757218
"143",-1.84075973278374,0.00800529788402731
"144",-1.79752630106279,0.0064930487417583
"145",-1.79117226265725,0.00704307721485659
"146",-1.8251464217245,0.0079533522391617
"147",-1.73403722476754,0.0084011583915291
"148",-1.8404696748939,0.0067413077396896
"149",-1.71861841039354,0.00749358873250295
"150",-1.78315611301795,0.00792577543459516
"151",-1.75719251105024,0.00979279769717035
"152",-1.66062596583648,0.0068711195791568
"153",-1.7876747131576,0.00835321472050104
"154",-1.75185965924175,0.00854557853078214
"155",-1.65540071635728,0.00754985422079587
"156",-1.79042968059201,0.00851871580438082
"157",-1.78130773587746,0.00746946259512705
"158",-1.84538636058476,0.0089390578398727
"159",-1.70039580264543,0.00798130546105572
"160",-1.64866710914227,0.00713986215774907
"161",-1.82586836740393,0.00839036722696688
"162",-1.66548619008011,0.00764800502140936
"163",-1.75189420397301,0.00609295453925742
"164",-1.67657814734274,0.00602927053352658
"165",-1.69097613695143,0.00707644116400321
"166",-1.65001231254718,0.00693284730216625
"167",-1.67046288723813,0.00734792663685198
"168",-1.72146663539253,0.00591301329746401
"169",-1.71956840550231,0.00787167920861723
"170",-1.64987986773927,0.0064909637570392
"171",-1.65253617346137,0.00795648849711442
"172",-1.84755561917257,0.0072601753473253
"173",-1.74393005266196,0.00669257368565087
"174",-1.61933771185356,0.00637988877293408
"175",-1.79438710373257,0.00837599069614863
"176",-1.735912447017,0.00706035271621297
"177",-1.82664439463891,0.00973650473748512
"178",-1.82656008034641,0.0101721934544787
"179",-1.73478249800588,0.00772656517293576
"180",-1.7167510932878,0.00823403639148819
"181",-1.82699047871062,0.00727243217033973
"182",-1.81405943182007,0.00654415028631751
"183",-1.78536897243683,0.00759104498889118
"184",-1.65698254400422,0.00599640007991111
"185",-1.85477878243987,0.00778566028327503
"186",-1.72140204466118,0.00778357281758248
"187",-1.65200672855522,0.00613229609024379
"188",-1.70609931804953,0.00758407235187741
"189",-1.7965374601679,0.00650960584478254
"190",-1.74081759648916,0.00735295964668083
"191",-1.71826116617508,0.00722296220731157
"192",-1.72509062972292,0.00561643520570785
"193",-1.72195371706968,0.00953977907238682
"194",-1.66548619008011,0.00764800502140936
"195",-1.63111510515171,0.00619899063553491
"196",-1.69029007587204,0.00635067264458437
"197",-1.71290092590935,0.00583120438359838
"198",-1.72507967210702,0.00665247525452944
"199",-1.84448581786724,0.00899436194617758
"200",-1.85318998211556,0.00834946677412326
"201",-1.65044754159626,0.00645848308023257
"202",-1.79166263529953,0.00693538565763051
"203",-1.72061553515658,0.00662261937514966
"204",-1.70067651163421,0.00766116213026559
"205",-1.84309089904988,0.00836773333394653
"206",-1.65601681950579,0.00497166884148865
"207",-1.80447261272069,0.00687553137492922
"208",-1.66649063519146,0.00788490184688761
"209",-1.8538456228192,0.00830495944121624
"210",-1.63804329003045,0.00797843099257048
"211",-1.65817270575797,0.00747846899491269
"212",-1.66447601546298,0.00781106375389179
"213",-1.71900462634819,0.00806436424147642
"214",-1.67278757696744,0.00701600175944617
"215",-1.67100890814601,0.00617585088270204
"216",-1.66012583273847,0.00660281190068458
"217",-1.84447771444994,0.00764824527544666
"218",-1.66267740308751,0.0081575509196829
"219",-1.65982004780479,0.0082374257274909
"220",-1.66543829874163,0.00784686334599132
"221",-1.78019706723637,0.00533254345125962
"222",-1.80487513731579,0.00695405017010514
"223",-1.71802322818004,0.00718945932275544
"224",-1.61581850039227,0.00662601219879104
"225",-1.65284524150969,0.00754017883629769
"226",-1.72196700538158,0.0071948092232536
"227",-1.66045705828047,0.00688852818764057
"228",-1.75921346056756,0.00825436944315265
"229",-1.63646487847333,0.00796128360068197
"230",-1.7573141869532,0.00834420964464425
"231",-1.73312331574992,0.00731830044394434
"232",-1.64866710914227,0.00713986215774907
"233",-1.64817095463689,0.0078916003560297
"234",-1.84507548933715,0.00667196544981369
"235",-1.61715206607534,0.00643241962085993
"236",-1.72196700538158,0.0071948092232536
"237",-1.65437020331946,0.00722899893363124
"238",-1.75688018820769,0.00737973433161735
"239",-1.69605842248696,0.00755649710548199
"240",-1.83973526058187,0.00862047986719133
"241",-1.61201429850803,0.00754448336305111
"242",-1.84320202852448,0.00763881314171824
"243",-1.66914790800426,0.00669683793447459
"244",-1.73795251492998,0.00759832243530708
"245",-1.76511484022936,0.00857348602288293
"246",-1.84789063119814,0.00834306390440212
"247",-1.85402958445305,0.00694783377076979
"248",-1.78924901454638,0.00872805595747607
"249",-1.82433865228296,0.00760416486899268
"250",-1.65470544953975,0.00655363027163194
"251",-1.67126199484706,0.00791296418924559
"252",-1.84708328318229,0.00829651129172311
"253",-1.72060699458046,0.00848477921465765
"254",-1.82814394758477,0.00735889156703427
"255",-1.62917641308601,0.00615305973961458
"256",-1.66826460113201,0.00796383785487829
"257",-1.7028147670894,0.00845748925711323
"258",-1.72279481067647,0.0064036790478734
"259",-1.78726558038724,0.00851322505885355
"260",-1.6714578131924,0.00662575902929684
"261",-1.67288456339969,0.00659744672711142
"262",-1.65578170111071,0.0068254332107725
"263",-1.72132164773647,0.00712065211919299
"264",-1.72393239159279,0.00799124727129942
"265",-1.66914790800426,0.00669683793447459
"266",-1.84636822472659,0.00674136971340303
"267",-1.80483260805867,0.00852632492032412
"268",-1.85069759008962,0.00798568816925641
"269",-1.65917765585705,0.00614001349502673
"270",-1.80335052788056,0.00793857669545387
"271",-1.6433127268704,0.00741499335498771
"272",-1.67851204464256,0.00695804534006912
"273",-1.66895432728531,0.00572054284746528
"274",-1.80117201219419,0.00837538958984223
"275",-1.66496207204673,0.00731725495989997
"276",-1.66967213006215,0.00758909537453461
"277",-1.65480969724222,0.0079713125227822
"278",-1.66245716488124,0.0068192392609084
"279",-1.65518116780951,0.0077492546552259
"280",-1.61723647143224,0.00763351594695104
"281",-1.77569419792384,0.0072135928106888
"282",-1.72121638513538,0.00752653780941226
"283",-1.80434924896252,0.00874914361429213
"284",-1.77162183645588,0.00834027428005146
"285",-1.63158438798127,0.00769026902763195
"286",-1.647319866595,0.00734379560391992
"287",-1.77717678817742,0.00631699461581788
"288",-1.63784932071223,0.00683723314751608
"289",-1.6496373970415,0.00698142195808611
"290",-1.75320835615617,0.00707054175709419
"291",-1.71954048042188,0.00726825372706819
"292",-1.82220123413874,0.00756168711419854
"293",-1.64279600839894,0.00756204395853019
"294",-1.64719472164917,0.00755840599524649
"295",-1.80310648984703,0.0063462869391212
"296",-1.79836635373033,0.00826057647614761
"297",-1.66303444549902,0.00886434915265384
"298",-1.65304945436205,0.00665610239338381
"299",-1.77769937522441,0.00809044196470868
"300",-1.80483260805867,0.00852632492032412
"301",-1.83822509123685,0.00883277985383237
"302",-1.80321568701287,0.00703492329961695
"303",-1.80684381011059,0.0068684303637479
"304",-1.65996562672907,0.00727337578256627
"305",-1.79946442341988,0.0065763737175724
"306",-1.75750430168729,0.00750099590221441
"307",-1.72028867331252,0.00732704232323919
"308",-1.67365655895005,0.0065878024524787
"309",-1.64685188283887,0.00703353656040569
"310",-1.67350789787752,0.0065462483026821
"311",-1.773391883893,0.00709427200449812
"312",-1.75355232454842,0.00639711138935216
"313",-1.72151751127039,0.00846259925486707
"314",-1.84181683101517,0.00663737328516855
"315",-1.6803867270079,0.0062779603038781
"316",-1.6613016232616,0.00673691046082574
"317",-1.66184164321948,0.00693748062224867
"318",-1.65485607706533,0.00768123629061114
"319",-1.60824944004501,0.00664044114314322
"320",-1.82295516623951,0.00814835942527526
"321",-1.80626490294603,0.00889816226957952
"322",-1.70211423679264,0.00676471452637872
"323",-1.84156953977785,0.00814076542973993
"324",-1.65428827932647,0.00792832161054529
"325",-1.7478490090969,0.00735054787976882
"326",-1.72555799950641,0.00856721817473564
"327",-1.70065639578372,0.00679969713237259
"328",-1.67604529150166,0.00601114810731932
"329",-1.64904395327325,0.00653071113582634
"330",-1.63542121172615,0.00695741280537662
"331",-1.78754011600228,0.00823444758988854
"332",-1.64105041540866,0.0056525172265089
"333",-1.70272395549648,0.00933671082175267
"334",-1.65673590345182,0.00849516048920264
"335",-1.74481788367543,0.00775490080366405
"336",-1.78060802007345,0.00997347559709669
"337",-1.84685758410601,0.00653114583940786
"338",-1.84213856772807,0.00676718937582398
"339",-1.83973526058187,0.00862047986719133
"340",-1.7195930224608,0.00624248072474121
"341",-1.64143370160539,0.00677930189379397
"342",-1.71328050959067,0.00671448837538883
"343",-1.80376607463073,0.00932687193446717
"344",-1.63300581355486,0.00701894332443488
"345",-1.65578217396453,0.00809052987882203
"346",-1.69955370039175,0.00761800796024702
"347",-1.71630940658804,0.00714592569711868
"348",-1.66295336467886,0.00646340613108098
"349",-1.82517364748299,0.00753853654391814
"350",-1.64375865815811,0.00658775918349855
"351",-1.72860377638829,0.0065115044735595
"352",-1.6600244934757,0.00725428933277842
"353",-1.65809961307864,0.00677915201746325
"354",-1.74266054523669,0.00684702344949941
"355",-1.80624291551788,0.0086791986099241
"356",-1.65648356529904,0.00438183776223366
"357",-1.70660229114004,0.00901226491100163
"358",-1.7937364990249,0.00738087186688669
"359",-1.845363252629,0.00836560115255205
"360",-1.64248605352315,0.00591630385755406
"361",-1.66548619008011,0.00764800502140936
"362",-1.66548619008011,0.00764800502140936
"363",-1.80483260805867,0.00852632492032412
"364",-1.69235223023701,0.00627611323600101
"365",-1.65307197235838,0.00597341766596425
"366",-1.76676755307009,0.00913219620553346
"367",-1.66652320219726,0.00770004916188356
"368",-1.65572727718844,0.00609680880697963
"369",-1.67273233889458,0.00728190940034931
"370",-1.85633562950856,0.00884365114353637
"371",-1.77087001283386,0.00749020940361709
"372",-1.64742146498149,0.00828117030501852
"373",-1.84246890199191,0.00786307465565564
"374",-1.65296365318336,0.00696404254847021
"375",-1.66315172249806,0.00655020473736997
"376",-1.76829314952319,0.00690896089952166
"377",-1.75694534286547,0.00773489662933001
"378",-1.64448292617816,0.0082920357693216
"379",-1.75100217646752,0.00875670017753002
"380",-1.64685162208726,0.00782672914302749
"381",-1.84331349946913,0.00904112929736329
"382",-1.66939556839259,0.00705818279429266
"383",-1.65964541484103,0.00667674460135463
"384",-1.72097925673596,0.00792429996996414
"385",-1.8111363961041,0.00799447441098984
"386",-1.63978321374142,0.00613383605614534
"387",-1.80483260805867,0.00852632492032412
"388",-1.7796609440379,0.00529187046762504
"389",-1.63300581355486,0.00701894332443488
"390",-1.67095187355882,0.00824869967854005
"391",-1.71832358428121,0.00647062557723233
"392",-1.64182374682245,0.00721002265712677
"393",-1.77898119651091,0.00829061172078072
"394",-1.7339004143707,0.00768628440349857
"395",-1.67667395458881,0.00619344120187474
"396",-1.85221003886698,0.00920739260049079
"397",-1.64148843194079,0.00732019049110919
"398",-1.75725883240432,0.00849334003025303
"399",-1.65159612998307,0.0066179603860952
"400",-1.79507029089809,0.00711776129365684
"401",-1.64866710914227,0.00713986215774907
"402",-1.78935761842888,0.00791598597548728
"403",-1.75390553643698,0.0082343185416321
"404",-1.65542639694361,0.00821454408322069
"405",-1.75060102674345,0.00773653936526061
"406",-1.66081049379988,0.00771112315278807
"407",-1.64408071112887,0.00585131022336638
"408",-1.76583339649817,0.00703529401826689
"409",-1.67386479475649,0.0083436013068931
"410",-1.72273011322293,0.00743970786153306
"411",-1.65454624049913,0.00551475199367781
"412",-1.62503696981282,0.00746678575286579
"413",-1.77364109780216,0.00699616000448475
"414",-1.72724440458596,0.00799725693547813
"415",-1.70598072782537,0.00701945249909073
"416",-1.84013805044658,0.00769524394904366
"417",-1.8102255211888,0.00726263482133618
"418",-1.6566865328628,0.00804131760414722
"419",-1.72519778139032,0.00793631568029738
"420",-1.75079450882988,0.00778400573529716
"421",-1.64216874521618,0.00686059236642256
"422",-1.69302683511158,0.00785497440057452
"423",-1.66092256506945,0.00664324606895591
"424",-1.63920146813307,0.00725546348650466
"425",-1.6389873569405,0.00689464852015955
"426",-1.65058620195792,0.00785100978065413
"427",-1.78692269233162,0.00698170514778324
"428",-1.7365351067473,0.00736847519397186
"429",-1.67046288723813,0.00734792663685198
"430",-1.85069759008962,0.00798568816925641
"431",-1.64689688823187,0.00685186275982121
"432",-1.66990625980275,0.0078876804183268
"433",-1.65459706340541,0.00657045009237799
"434",-1.72310831078324,0.00792410269145731
"435",-1.66053793612869,0.00654824810342886
"436",-1.64634760081099,0.00846094201047945
"437",-1.65627529292337,0.00689519992834177
"438",-1.82367490447962,0.00801531582674493
"439",-1.67421236104319,0.0086552559822223
"440",-1.84331349946913,0.00904112929736329
"441",-1.66914790800426,0.00669683793447459
"442",-1.68865054500481,0.00685194421395211
"443",-1.72967886146111,0.00822599901563277
"444",-1.65398278601521,0.0071461120088667
"445",-1.79117226265725,0.00704307721485659
"446",-1.85264358371288,0.00777480853871933
"447",-1.73571693690714,0.00752998444038189
"448",-1.81259694621548,0.00775602280208791
"449",-1.69144009056619,0.00771446853994327
"450",-1.7560227835442,0.00735910620625642
"451",-1.66548619008011,0.00764800502140936
"452",-1.72279481067647,0.0064036790478734
"453",-1.82586836740393,0.00839036722696688
"454",-1.70276843643098,0.00746611075844705
"455",-1.67232429120248,0.0075048100192925
"456",-1.8538933555918,0.00806152303652187
"457",-1.68420364211887,0.00796795351044205
"458",-1.65001231254718,0.00693284730216625
"459",-1.66929003984512,0.00663873398642385
"460",-1.80396515937721,0.00844470319339047
"461",-1.72317632096224,0.00719084649064269
"462",-1.65502065380074,0.00739805722807067
"463",-1.7852944086391,0.00830409911264248
"464",-1.704599485486,0.00660909417416598
"465",-1.77672404731474,0.00880747551409411
"466",-1.79721193763621,0.00727097204122647
"467",-1.64468594115027,0.00741591286669653
"468",-1.65152335913071,0.00677235871107172
"469",-1.64293114051901,0.00688938465138089
"470",-1.73979806636351,0.00766765207450461
"471",-1.72279481067647,0.0064036790478734
"472",-1.71696674422503,0.00768923849061517
"473",-1.71759467026401,0.00929140546703259
"474",-1.81093448847109,0.00786231519551949
"475",-1.84393985882411,0.00890769194095751
"476",-1.6727378800487,0.0080327905974012
"477",-1.7151513802392,0.0090169323220296
"478",-1.75805826341441,0.00842212320536372
"479",-1.63339148219726,0.00757617853341735
"480",-1.67153221585382,0.0070355736764933
"481",-1.64310429361091,0.00690495045642122
"482",-1.66138768899579,0.00722806807322879
"483",-1.65628353715991,0.00705413227341452
"484",-1.80869280801672,0.00752388237218388
"485",-1.75275848584005,0.00640776014299766
"486",-1.78703312129372,0.00808999543099487
"487",-1.79398913787501,0.00760115441567128
"488",-1.8052913266038,0.00653515651460561
"489",-1.80911078040838,0.00739543105308278
"490",-1.66057507903131,0.00712091612331145
"491",-1.72355716394246,0.0074867610575498
"492",-1.78936915418186,0.00875144743818792
"493",-1.65986502899324,0.00751725930539427
"494",-1.66261025965747,0.00747159961471532
"495",-1.72196700538158,0.0071948092232536
"496",-1.65322615306396,0.00827505991819168
"497",-1.85689247121301,0.00768693610497114
"498",-1.80483260805867,0.00852632492032412
"499",-1.66176033091585,0.00675598310346555
"500",-1.81291672378126,0.0080844531866286
"501",-2.93103963348409,0.0122670550386437
"502",-3.05949302907651,0.01313818335169
"503",-2.86176407719349,0.0125686810557967
"504",-2.90875428443805,0.0129191873930862
"505",-2.93095598302439,0.0120675459254706
"506",-2.91552271490069,0.0110074494654194
"507",-3.01117952158262,0.0140710719316966
"508",-2.96036820027167,0.00979124281904555
"509",-2.90747410234005,0.0127981146364201
"510",-2.94629944477335,0.0125893499115458
"511",-2.95785526224112,0.0134846601550766
"512",-3.06025263825681,0.0154466612849343
"513",-3.01788727041466,0.0160017324649106
"514",-2.97137981068506,0.0134036282700875
"515",-3.03819326344569,0.0108233194764806
"516",-2.96837170021737,0.0128728400542269
"517",-2.92502772456063,0.0125773722114117
"518",-2.92627802559247,0.0112458394370395
"519",-3.04775904424801,0.0149503926401461
"520",-2.88702920069854,0.0112190076177521
"521",-3.05339480731248,0.0143654632862625
"522",-2.99598618791317,0.0139006483369419
"523",-3.05368511616473,0.0134542851467173
"524",-3.04640407216222,0.0131614192561559
"525",-2.92633452857506,0.0127677981792797
"526",-3.03853023375042,0.0142651962859373
"527",-2.97389092876266,0.0124431654819695
"528",-2.91566996857772,0.0123584930579593
"529",-2.91950666802412,0.0133180797509966
"530",-2.91719269746606,0.0122763887849883
"531",-2.9793113765899,0.0138642367282518
"532",-2.90548474628992,0.0120538177126734
"533",-2.94319194094891,0.0132725345429567
"534",-3.00910513927639,0.0140062620784941
"535",-2.88642996484323,0.012200225542068
"536",-2.91012414542891,0.0121365175724125
"537",-2.88512450885153,0.0121199083591195
"538",-2.89329459898961,0.0123963780913464
"539",-2.86170253716325,0.0130974556631148
"540",-2.8998816465499,0.0141941603629652
"541",-2.96067261328086,0.0121691614994639
"542",-2.95776555633694,0.0131274585282327
"543",-2.92464327251166,0.0113146480749139
"544",-2.93375546554044,0.0122378059937233
"545",-2.87104082057003,0.0121955511302715
"546",-2.90857257161192,0.0129322007253477
"547",-2.90085620411729,0.0132562280630242
"548",-2.87337962182737,0.012844738554015
"549",-2.90390448518154,0.0128460340837055
"550",-2.8418679849957,0.0111488019781858
"551",-2.92331827397687,0.0119004364969384
"552",-2.87932419574229,0.0126611546343468
"553",-2.95598661422157,0.0128976958376113
"554",-3.04429126995529,0.0132597025189141
"555",-2.95956750898461,0.0132044683056345
"556",-3.05102607960153,0.0127959490966552
"557",-2.91836369459065,0.0126750664764247
"558",-2.93293853680005,0.0119531452808758
"559",-2.95766707329023,0.0127378204482688
"560",-2.91993334901085,0.013307783386752
"561",-3.01582350270045,0.0129927074939565
"562",-2.84969330180068,0.0127422050577352
"563",-2.95262455864159,0.0133990050973203
"564",-2.89916041551477,0.0125488879673144
"565",-2.83672338995869,0.0137421357748183
"566",-2.84858853239267,0.0128841543005557
"567",-2.91432446234816,0.0126721277770198
"568",-2.96324727868998,0.0139301822487049
"569",-2.97747650798434,0.0131230853431253
"570",-2.90307126092372,0.012346705313821
"571",-2.90248565234812,0.0117026197651519
"572",-2.96357743402005,0.011764033521693
"573",-3.02633679304625,0.0136194701011138
"574",-2.96540062902415,0.0119542611977944
"575",-2.88482738434011,0.0133578880255093
"576",-2.92541152989328,0.0135442186755852
"577",-2.93765259092863,0.013074853576909
"578",-2.93193758808303,0.0126483100030193
"579",-2.92828736519825,0.0122181771581107
"580",-2.84303772584487,0.0138281519166016
"581",-2.93384919906771,0.0131551759079834
"582",-2.97916708125052,0.0124020997365574
"583",-2.92959620600426,0.011343127448893
"584",-2.93495832162471,0.0129628948417142
"585",-2.8897944873871,0.0120307637223782
"586",-3.04374380232681,0.0111265474014786
"587",-2.92418776199252,0.0128082803361822
"588",-2.93897415790153,0.0124014316764955
"589",-2.91192648197002,0.0113864742091276
"590",-2.97863416246584,0.0136070245435301
"591",-2.9300652312722,0.0122426909862793
"592",-2.90829666977449,0.0143989341944263
"593",-2.88293775673768,0.0118064171369103
"594",-2.91065567824213,0.0123242824630839
"595",-2.93110009335386,0.0130516914153287
"596",-2.85569616866235,0.0131315918308547
"597",-2.90944768099594,0.0115687123418422
"598",-2.95443945702071,0.0136148120624441
"599",-2.97350788969995,0.0134379722736526
"600",-2.91862380661413,0.0118862689644576
"601",-2.94198145493597,0.0132613760053072
"602",-3.08206408269465,0.0147820030658379
"603",-2.93220844077143,0.0126605536318064
"604",-2.93993200043122,0.0124048256165544
"605",-3.05134987960459,0.0131395599079641
"606",-2.94971906717051,0.0123828360711487
"607",-2.97052510761121,0.0126415894976557
"608",-2.96044202673237,0.012828712122253
"609",-2.95083614658552,0.0141400027117493
"610",-2.86486467313368,0.0116805820931299
"611",-2.91458594320774,0.014319480795083
"612",-2.91349491049033,0.0123411957043643
"613",-3.01582350270045,0.0129927074939565
"614",-2.96133990264415,0.012680928466354
"615",-3.06821275788575,0.0123479923392652
"616",-2.92238490369309,0.0130381719621939
"617",-2.90578416996462,0.0137055305949195
"618",-2.92864618277699,0.0127503830701653
"619",-2.91596232667472,0.0121018344749965
"620",-3.02113691905724,0.013579051289239
"621",-2.92940710105799,0.013587145923028
"622",-2.92114005930882,0.0121958086916991
"623",-3.05694113684415,0.0139419144528208
"624",-3.0161968751755,0.0140069489514438
"625",-3.04981646243062,0.0142493906573468
"626",-2.92324537162554,0.012316948895054
"627",-2.95612400458466,0.0146591997531467
"628",-2.87184675893002,0.0119688995520022
"629",-3.0557914119104,0.0126995038228348
"630",-2.93394838468096,0.0122169629757327
"631",-3.01315905827033,0.0125349160663455
"632",-2.91581270943366,0.0131295770068391
"633",-3.0544581971272,0.0136223770446937
"634",-2.91799436280997,0.0129007306436975
"635",-2.90138881365134,0.0135422626989201
"636",-2.90599746653036,0.0127972521621228
"637",-2.94854800146719,0.0128650776434172
"638",-2.98024613053551,0.0134322176550721
"639",-2.93611541867368,0.0138571459469549
"640",-2.93511049211361,0.0122517727022347
"641",-2.91626446092331,0.012476081348565
"642",-2.92653333166867,0.0143779635481695
"643",-2.96894831198312,0.0128346547694654
"644",-3.02214584134286,0.0137506701319027
"645",-2.90780627956233,0.0132053210023102
"646",-2.92275508340799,0.0139103143244195
"647",-2.88138981796336,0.0126783897846087
"648",-2.92057338415205,0.0139735708418339
"649",-3.00012563662989,0.0132794000996004
"650",-3.05200701145832,0.0123810872530961
"651",-2.86763698608922,0.0133171805418977
"652",-2.9636407281501,0.012538358705135
"653",-2.94239628990621,0.0121163157150357
"654",-2.90045465060613,0.0138900045333071
"655",-3.04153115148888,0.0131743302385602
"656",-2.95776555633694,0.0131274585282327
"657",-2.93564655980022,0.012381320633076
"658",-3.05292963988906,0.0136754092071058
"659",-2.88008994806326,0.0125995157870601
"660",-2.91815953874276,0.0143852789049907
"661",-2.92567618582849,0.0130537129550622
"662",-2.94523532094783,0.0125347736108312
"663",-2.93611541867368,0.0138571459469549
"664",-3.00268732190796,0.0138059677926679
"665",-3.02264095575264,0.012960065379733
"666",-2.9111088006205,0.0117818869790726
"667",-2.91581270943366,0.0131295770068391
"668",-2.92356969768639,0.0138205957478058
"669",-2.96168423682281,0.0142389419520302
"670",-3.02324916262473,0.0128298826120096
"671",-2.90644782149436,0.0125793429576549
"672",-2.92695963225609,0.0126777867795528
"673",-3.01849380601459,0.0138103276113703
"674",-2.92313810037972,0.0142002034710248
"675",-2.9293044979788,0.0133331979039893
"676",-2.90776324663097,0.0136662869386641
"677",-2.93700360189162,0.0118453702587251
"678",-3.0469465094059,0.0147869475912042
"679",-3.05442582531344,0.0141471678647489
"680",-2.88705170812931,0.0127293979312014
"681",-2.96777535466358,0.0118489273239853
"682",-2.92261293646233,0.013084027666566
"683",-2.90949129047285,0.0111333973471447
"684",-2.86929917030101,0.0125944618406682
"685",-2.92330714501881,0.0125051661348416
"686",-2.96646358509346,0.0124733375411555
"687",-2.87146036337548,0.0120854095703756
"688",-3.01151217297708,0.013920114849849
"689",-3.01642782654617,0.0128050683349732
"690",-2.96324727868998,0.0139301822487049
"691",-2.93401407064324,0.0134269318139691
"692",-3.00025537526028,0.011612053656705
"693",-3.05028718793826,0.0128961988881104
"694",-2.92698417147821,0.012202378711033
"695",-3.00884155869806,0.0132138650482922
"696",-2.98051638504803,0.013190751408378
"697",-2.91607384686809,0.0131930416804987
"698",-2.9795619888463,0.0124147596134445
"699",-2.95755860510941,0.0124989149168876
"700",-2.92014537315457,0.0122505312101234
"701",-2.985636520019,0.0141377051194872
"702",-3.05673615482278,0.0132248384667319
"703",-2.88801668478079,0.0123720744118352
"704",-2.95096218340767,0.0135830475401492
"705",-2.92157165200759,0.0118270329299925
"706",-2.86693053291862,0.012409578227096
"707",-2.88160845791852,0.0126428959529404
"708",-2.92205337646507,0.01250271326965
"709",-2.90934688029346,0.0127623686642935
"710",-2.94031755709489,0.011837296945558
"711",-2.9275199159337,0.0112117306095059
"712",-3.05578610974121,0.01236487063229
"713",-3.01100431674827,0.0128208811320256
"714",-2.93866620523179,0.0135902477776092
"715",-3.00313230038265,0.0123563164434272
"716",-2.91494564072965,0.0110179299602028
"717",-2.93340353976754,0.012632262477342
"718",-2.91804906280812,0.0130356268204619
"719",-3.05509945026159,0.0129544676030358
"720",-2.93046288390789,0.0122138850858221
"721",-2.96032178045494,0.013783469429286
"722",-3.05287261968206,0.013161459470093
"723",-2.93325821437754,0.0123545311329735
"724",-3.04822551863675,0.0119244743867714
"725",-2.96433644818312,0.0135645934905293
"726",-2.92163297573873,0.014898230567036
"727",-2.91299643130399,0.0132186293096172
"728",-2.96550423842882,0.0129307717720645
"729",-2.93904548540125,0.0149257837102005
"730",-2.90264382505466,0.0138980058962157
"731",-2.90829666977449,0.0143989341944263
"732",-2.94762956139065,0.0120668867479129
"733",-2.92316693307651,0.0130736331516651
"734",-3.05368511616473,0.0134542851467173
"735",-2.94192686111707,0.0132460740325261
"736",-2.88064342347873,0.0124936073667149
"737",-3.0304392768115,0.0120873085070679
"738",-2.94598458017677,0.0121981202904574
"739",-2.92981676042499,0.0121506263579759
"740",-2.85135778696685,0.0114295985221012
"741",-2.99829960229161,0.0126471375761245
"742",-2.89534118264579,0.013698539767735
"743",-2.90127426065912,0.0134792704973806
"744",-2.93992198014602,0.0125925812245342
"745",-3.02324916262473,0.0128298826120096
"746",-2.94907489895089,0.0105284153548583
"747",-2.92595556951728,0.0136337760424194
"748",-2.84481398230627,0.0126662599717625
"749",-3.05518035009279,0.01166885519291
"750",-2.93398900288879,0.0135117725367744
"751",-2.91679801578733,0.0135293246368404
"752",-2.97207027250096,0.0133185539725704
"753",-3.01933389285503,0.0133095012027054
"754",-2.88836885747308,0.0134833847621073
"755",-2.94161414303233,0.0117804816294126
"756",-2.96370967810106,0.0127104879653952
"757",-2.97847014895444,0.0129648066421075
"758",-2.91050502484453,0.014238814182193
"759",-2.91609648017042,0.0129587356941421
"760",-2.89197324015688,0.0134040358289022
"761",-2.98065569670948,0.013318451404307
"762",-3.04864514193521,0.0130026215154801
"763",-2.84813016246139,0.010944565348373
"764",-2.91168614678816,0.0132320565830549
"765",-2.96307948258665,0.0134107736482039
"766",-2.94386415617259,0.012936216435611
"767",-2.93075569711665,0.0127015845982008
"768",-2.94871127130367,0.0120611571733365
"769",-2.91440725933775,0.0108308974773037
"770",-2.93218201787085,0.0131706983745489
"771",-2.94317224885971,0.0125952737651031
"772",-2.96554007106325,0.0139876254401316
"773",-2.88720873733707,0.013050754321953
"774",-2.90863646182787,0.0125308173728623
"775",-2.96583514035623,0.0128787892970195
"776",-2.99948353985074,0.0143895312676159
"777",-2.90863646182787,0.0125308173728623
"778",-2.91655488577902,0.0131726048411817
"779",-2.92309582519931,0.0134309618015484
"780",-2.96733720486766,0.0122609220253578
"781",-2.97175964373243,0.0117926541111306
"782",-2.94902292799575,0.0125105584931075
"783",-2.92464142221969,0.0117484411080106
"784",-2.92901179815295,0.0135576017295103
"785",-2.95665052659731,0.0131703007155773
"786",-2.93384919906771,0.0131551759079834
"787",-2.92327221020957,0.0117694442993797
"788",-3.04590267229924,0.0129189066460111
"789",-2.921980876632,0.0126782491255259
"790",-3.05174306741741,0.0136654252782047
"791",-2.95998420396762,0.01432426619181
"792",-3.06312659760731,0.0142685612211798
"793",-2.90262075023779,0.0130880342120985
"794",-2.88805412882138,0.0116752167460345
"795",-2.91825178274693,0.0131916874672171
"796",-3.02308013410457,0.0128232412719048
"797",-2.91806531853444,0.0107773061108538
"798",-3.01127056655241,0.0126214916236832
"799",-2.86543656635443,0.0126621098107577
"800",-2.91749466437351,0.0134920888702096
"801",-2.9003993563188,0.0127331389422175
"802",-3.00114890637195,0.0126220275862114
"803",-3.0008570920583,0.0135724587998961
"804",-2.92649759196295,0.0123836874744219
"805",-2.93076052306155,0.0124185201001994
"806",-2.91028052457541,0.0126480756166279
"807",-3.01829720545666,0.0121761558272556
"808",-2.96123092918672,0.0131302858166889
"809",-2.91572809626574,0.0136111157694303
"810",-2.91321374300507,0.0126558262908176
"811",-2.93500406233726,0.0118388382506272
"812",-2.84068786224925,0.0146929727562029
"813",-3.04669848889543,0.0137038860131079
"814",-2.89274627948735,0.0123030115342096
"815",-2.87963311256307,0.0122361737930843
"816",-2.91904923793892,0.0142680333075282
"817",-3.02224323483029,0.0134640033171359
"818",-3.03694945471183,0.0129132953850743
"819",-2.94005343724325,0.0139830728149452
"820",-2.97105018884508,0.0121661499116368
"821",-2.92743267475422,0.0139509900088365
"822",-2.86622507229505,0.013595840486295
"823",-2.92376991283659,0.0128688011383312
"824",-2.98283435714001,0.0128219382375518
"825",-2.93521795135003,0.0118670532073014
"826",-2.92419936587401,0.0132707874843629
"827",-2.94957773563701,0.0132646494433122
"828",-2.87542254051168,0.0122960633301839
"829",-2.88011947682885,0.0123377260141798
"830",-3.0057508624281,0.0130258406167203
"831",-3.014609994534,0.01332195429086
"832",-2.92238490369309,0.0130381719621939
"833",-2.92216617420495,0.0126165451941342
"834",-2.96158085439596,0.0127936443651313
"835",-2.94356325748838,0.0121394194046806
"836",-3.0224309980409,0.0132759269904181
"837",-2.93337543983317,0.0132819112620236
"838",-2.97105018884508,0.0121661499116368
"839",-2.893674153883,0.0137036728517142
"840",-2.84279909644627,0.0128217561510344
"841",-2.9470322346875,0.0142689013695189
"842",-2.93220844077143,0.0126605536318064
"843",-2.87700455755696,0.012514241608527
"844",-2.87201729459609,0.0133944433274663
"845",-3.0176242116674,0.0132617345003889
"846",-2.9016442127716,0.0127787409510966
"847",-2.92769896320531,0.012860392335618
"848",-2.88405446114576,0.0126483053398404
"849",-2.95262455864159,0.0133990050973203
"850",-2.91045217602942,0.01115477482666
"851",-3.00934993799023,0.0130221826091999
"852",-2.93149184395913,0.0132537353651498
"853",-2.94315331009296,0.0122389646169778
"854",-2.89826034926591,0.0135184060088708
"855",-3.04899170382115,0.013799773637263
"856",-2.96932388649541,0.0131808915040569
"857",-3.04889207312065,0.0135249185043515
"858",-3.05368511616473,0.0134542851467173
"859",-2.91638055834388,0.0130831848848455
"860",-2.92365164940896,0.0133677087520515
"861",-2.91990208064932,0.0133250468612749
"862",-3.02411865978613,0.0121246629762532
"863",-2.96262335012719,0.0121174379087453
"864",-2.94842221328287,0.0122527610103813
"865",-2.97545100779817,0.0135128343578803
"866",-2.91251260600109,0.0118401689235142
"867",-2.93276386194017,0.0117789041540536
"868",-3.04374380232681,0.0111265474014786
"869",-2.97352862112682,0.0142717064542287
"870",-2.90487974953324,0.0122459933677957
"871",-2.94561206225394,0.013831319820682
"872",-2.8652285521966,0.0137536694712455
"873",-3.01050193375948,0.0137079827293277
"874",-2.92441805152344,0.0140457133356071
"875",-2.84237906337144,0.0105126451426821
"876",-2.86437152041819,0.011272351588541
"877",-2.91175380521678,0.0125653291389188
"878",-2.9265551307504,0.0119814638144157
"879",-2.90330733926408,0.0141450520736906
"880",-2.93743082990004,0.0124277859588458
"881",-2.89640312286009,0.0127555746316332
"882",-2.92705846978089,0.0124802409538354
"883",-2.91925653295854,0.0137875062567955
"884",-3.05051056990478,0.0135099803190646
"885",-2.92365520314949,0.0133690348908049
"886",-2.87567190714227,0.0116871764719182
"887",-2.94003800150215,0.0113959888496819
"888",-2.93740418470983,0.0138824688636552
"889",-2.91609289283537,0.013497366743401
"890",-2.97425837620753,0.0137086122411872
"891",-2.99711442854126,0.0118785550248861
"892",-2.92945944458426,0.0127623595161946
"893",-3.01100431674827,0.0128208811320256
"894",-2.960430799761,0.0135821528599821
"895",-2.93149184395913,0.0132537353651498
"896",-3.00687297824251,0.0127347454770358
"897",-3.04049578798335,0.0149615631373575
"898",-2.9304204202671,0.0136682649071224
"899",-3.02324916262473,0.0128298826120096
"900",-2.93507074956936,0.0134689832039391
"901",-2.91728833921391,0.0128002951901843
"902",-3.04994842885395,0.0143476367790524
"903",-2.85097587491877,0.0121928569880281
"904",-2.97082347408715,0.0118401220297584
"905",-2.92597369799834,0.0136378364188422
"906",-3.0377902593422,0.0136235715641518
"907",-2.92587417609819,0.0121512512684103
"908",-2.93126384535139,0.0115362122180711
"909",-2.85996275130845,0.0140698280665099
"910",-2.86075157758735,0.0127474921198914
"911",-2.92716369806712,0.0118877535639409
"912",-2.86381891943513,0.0126034243366755
"913",-2.85982438753237,0.0119706022209709
"914",-2.89824111276715,0.0116870590497697
"915",-2.9190583944435,0.0122787102119292
"916",-2.90644782149436,0.0125793429576549
"917",-3.05248461629873,0.0135112270366082
"918",-2.92014537315457,0.0122505312101234
"919",-2.92139410724999,0.0143497694076042
"920",-3.03789751661392,0.0146265767735074
"921",-2.9000027239017,0.0122764650056893
"922",-2.91728833921391,0.0128002951901843
"923",-2.89092997934247,0.0118670973671568
"924",-3.0140255177944,0.0138007621729036
"925",-2.96178141705724,0.0129318710001503
"926",-2.91886723320313,0.0141603600868133
"927",-2.92349044315219,0.0124543854206867
"928",-2.98065569670948,0.013318451404307
"929",-2.96219623821107,0.0119100856776582
"930",-2.9343636984155,0.0129394164370272
"931",-2.92445066649547,0.0141962947652658
"932",-2.92362881582872,0.0133305904833868
"933",-2.92810983918415,0.0120257805774972
"934",-3.0140255177944,0.0138007621729036
"935",-2.97208250630187,0.0127115691968339
"936",-2.92086398100888,0.0128735315963921
"937",-2.91291728219254,0.0124163166889168
"938",-3.01276071410111,0.0120998818260099
"939",-2.88223443326306,0.0115665880831777
"940",-2.90051034004217,0.0157004112132365
"941",-3.01562831009069,0.0141362552820948
"942",-2.83903466262876,0.0122744568741136
"943",-2.92656578642331,0.0131285018963758
"944",-2.92484249952685,0.013353602919839
"945",-2.94657576617395,0.0152646088098402
"946",-2.95978653897429,0.0144497478021846
"947",-2.83666214009517,0.0118492494538322
"948",-2.96911479671393,0.0130425996708363
"949",-3.02061404801605,0.0139368116475402
"950",-2.93054834781961,0.0129715850747025
"951",-2.96864595605522,0.0129265785363893
"952",-2.90111860813284,0.0136003542813748
"953",-2.9648233605698,0.0119529788652226
"954",-2.96380242066596,0.0128446923594717
"955",-3.05368511616473,0.0134542851467173
"956",-2.94255527011133,0.0119170288575821
"957",-2.92463583204714,0.0135291186110004
"958",-2.85436859723302,0.0113658810703382
"959",-3.01933966652781,0.0139899471001137
"960",-3.06063262210494,0.0137899311545894
"961",-2.90581808779765,0.0122395931944991
"962",-2.94232974572217,0.0133202847333333
"963",-2.93009354161747,0.0132478606345872
"964",-2.92238490369309,0.0130381719621939
"965",-2.97916634626086,0.0140678595827313
"966",-3.00194111200295,0.0137122944132551
"967",-2.88351680075161,0.0132278818671239
"968",-3.04370643528903,0.0108278750174847
"969",-3.03617407818218,0.0132615430558415
"970",-2.90794900249374,0.0120142056242319
"971",-3.06169760477888,0.0139869719584869
"972",-2.96986895437122,0.0121581272865225
"973",-3.03600502419377,0.0134206960855491
"974",-3.04586033216727,0.013942150777986
"975",-2.91710711756133,0.0109131505983738
"976",-3.00827940929831,0.0119374419113864
"977",-2.94623444267963,0.0123493948361436
"978",-2.85142516174924,0.0122499848301475
"979",-3.05086607040852,0.0125034079403599
"980",-2.86318035990871,0.0119734029860283
"981",-2.93655574939716,0.0127654690660237
"982",-2.92423399102569,0.0130574289891087
"983",-2.86675663444636,0.0133553576461159
"984",-2.92564366470177,0.0141457267382462
"985",-2.91667494133368,0.0109397188017518
"986",-2.95003607918171,0.0120303583323305
"987",-2.89826034926591,0.0135184060088708
"988",-3.00568939494856,0.0133124317190567
"989",-2.93054093761051,0.0130394680674992
"990",-2.92220767309501,0.0114563782596543
"991",-2.92972529207587,0.0124955221830922
"992",-2.9093750871897,0.0122293140843401
"993",-2.97811631864082,0.0133005128252347
"994",-2.83939440225116,0.0126863535756432
"995",-2.92809367410794,0.0122788331208287
"996",-2.9694634750406,0.0131505641385532
"997",-3.00935959252668,0.0116969298857
"998",-2.94688233076514,0.012458395280842
"999",-2.90928564317419,0.0116248930062703
"1000",-2.91728833921391,0.0128002951901843
"1001",-2.21290983334341,0.00980093434261811
"1002",-2.09165304108991,0.00879738262823766
"1003",-1.98852273631297,0.00978194105620742
"1004",-2.40324749447604,0.011406596507338
"1005",-2.39858448284915,0.0102828678146413
"1006",-2.08255902089428,0.00927116651747684
"1007",-2.02188367446744,0.00807299036378406
"1008",-2.390772786611,0.00897408338529173
"1009",-2.03534473154329,0.00692865664792573
"1010",-2.34492016414613,0.0103768615393607
"1011",-2.23210570009856,0.00930534596045063
"1012",-2.02956996278711,0.00968575661740634
"1013",-2.2906717556959,0.00882941121589719
"1014",-2.00462914442431,0.00765494211523551
"1015",-2.34534222912179,0.011002286813357
"1016",-2.14864482424893,0.00758935444086676
"1017",-2.05096148362715,0.00845278218800148
"1018",-2.28904273576351,0.0115464110339274
"1019",-2.24830214055266,0.0104364749070449
"1020",-2.1878829430503,0.0107716830800702
"1021",-2.09713210433679,0.00901952270041441
"1022",-2.35195474828093,0.010841217527837
"1023",-1.98107974031083,0.00903290058536998
"1024",-2.32412676159433,0.00956970740143438
"1025",-2.18121492625,0.00934551510277609
"1026",-2.24578751350343,0.0101581713860284
"1027",-2.1553308785341,0.0110118182631119
"1028",-2.16380686076955,0.00916661163029998
"1029",-2.35415735555075,0.0100491671477979
"1030",-2.36708475774858,0.0105115144659279
"1031",-2.07196473997288,0.00821625752241282
"1032",-2.3483956850273,0.00930977324177097
"1033",-2.31826685558086,0.00999438079101829
"1034",-2.38289260982604,0.00934056504600736
"1035",-2.36639053250899,0.0108993475350503
"1036",-2.03085737344787,0.00727718273972951
"1037",-2.35010672430688,0.0108399676681233
"1038",-2.0323388474309,0.0104718856289776
"1039",-2.25028622075046,0.00999256952798808
"1040",-2.04639036292427,0.00983973302432606
"1041",-2.05304773621125,0.00870216544921466
"1042",-2.04066185617488,0.00887439737244396
"1043",-1.97920769651069,0.00728358460504322
"1044",-2.04558607671335,0.00874572944261987
"1045",-2.0418177410658,0.00797576866132543
"1046",-2.34534222912179,0.011002286813357
"1047",-2.23241950835589,0.00920711062302273
"1048",-2.115215646471,0.00852822961331382
"1049",-2.00831433283818,0.00977129603586605
"1050",-2.26181176504933,0.0103167182475121
"1051",-2.23394668713868,0.0104582855325055
"1052",-2.23468613046521,0.00826442427822716
"1053",-2.06288026938613,0.00953144972402597
"1054",-2.00743566013536,0.00833619996340549
"1055",-2.34558814625183,0.00970720654521178
"1056",-1.97387048156234,0.0102618738487603
"1057",-2.10012177712952,0.0101812029082022
"1058",-2.31303975351772,0.0103667147991429
"1059",-2.276849288623,0.0119327807419113
"1060",-2.35000390870048,0.00846812561968765
"1061",-2.36744487381389,0.0107232460122971
"1062",-2.41746229276095,0.0107515170598432
"1063",-2.30960504392402,0.0113409171587823
"1064",-2.09629252885379,0.00923791081108642
"1065",-2.1805181531147,0.00870755450827796
"1066",-1.97387048156234,0.0102618738487603
"1067",-1.9784262042473,0.00759971417073251
"1068",-2.23773621751855,0.00752541435544284
"1069",-2.2774652991553,0.0103680761311873
"1070",-2.32464541308552,0.00843619362599728
"1071",-2.18917629950855,0.00870394215702723
"1072",-2.05794992718806,0.00874510517423484
"1073",-2.3120149144237,0.00999562824418385
"1074",-2.34046430680245,0.00838530596232783
"1075",-2.09432708256401,0.00839063524221523
"1076",-2.38459000264608,0.0102269924643846
"1077",-2.02418974373187,0.00995041246566062
"1078",-2.05181130821198,0.00885673921381129
"1079",-2.01833827968747,0.00987777817560072
"1080",-2.00987843230054,0.00878450149563641
"1081",-2.07399801690093,0.00952939973486008
"1082",-2.31075818323478,0.00912272769618478
"1083",-2.34090464806618,0.010629731889225
"1084",-2.18918730544725,0.0110795493740768
"1085",-1.99705161128374,0.00985583590785554
"1086",-2.35356015950178,0.0106379774061212
"1087",-2.36748773580876,0.0102954723584285
"1088",-2.12762972389828,0.00977109841053226
"1089",-2.30506260683007,0.00939637532234939
"1090",-2.10068499905163,0.0106001162330536
"1091",-2.35703531416198,0.011188022482696
"1092",-2.26477124963135,0.0089230377628724
"1093",-2.27280861782064,0.00968561270785927
"1094",-2.3642818697493,0.0106144913841919
"1095",-2.35195474828093,0.010841217527837
"1096",-2.36199637524126,0.00934801433495241
"1097",-2.27445634082038,0.0101631512418407
"1098",-2.36684405337227,0.00838181542651376
"1099",-2.36081728260923,0.0104398363215269
"1100",-2.06335032112732,0.00921938837289078
"1101",-1.97881208317974,0.00910160149995571
"1102",-2.07543072825913,0.0108919466830973
"1103",-2.36811459519969,0.0100813424046514
"1104",-2.28160250056658,0.0103959238705249
"1105",-2.23037274141289,0.00976121730269806
"1106",-2.09713210433679,0.00901952270041441
"1107",-2.06155000983493,0.00955087178098345
"1108",-2.00603571425675,0.0103536123462803
"1109",-2.2792826173935,0.0101095098400984
"1110",-2.35195474828093,0.010841217527837
"1111",-2.06718997810758,0.00923002958882191
"1112",-2.09152908822261,0.00993548960703284
"1113",-2.30721752751907,0.0108518225012934
"1114",-2.3883940028774,0.010150347911131
"1115",-2.38660587573144,0.0111184174803281
"1116",-2.06342017158245,0.00927418153152633
"1117",-2.22155437006156,0.00878308828178884
"1118",-2.06389925357251,0.00876630627306235
"1119",-2.02739012881989,0.010077387458303
"1120",-2.33663980599721,0.0101597795333313
"1121",-2.06486179407686,0.00906966273769665
"1122",-2.22222206622429,0.0101722737286038
"1123",-2.36839514206989,0.0103596830421925
"1124",-2.19172091221382,0.00905905484485869
"1125",-2.28264070597555,0.00839771507798573
"1126",-2.05736916134786,0.00845283453227218
"1127",-2.02956996278711,0.00968575661740634
"1128",-2.34694825073239,0.00870516591084816
"1129",-2.17593834047665,0.010283947262455
"1130",-2.16374069858508,0.00907539387941209
"1131",-2.26208256189441,0.0104993924053869
"1132",-2.03303273783846,0.00811110638908962
"1133",-1.99198215947083,0.00701056216501976
"1134",-2.35429600430504,0.0113087053187541
"1135",-2.06186340133241,0.0103280250909295
"1136",-2.29521669056093,0.0106738200893358
"1137",-2.38461712393448,0.0109079277486948
"1138",-2.04760973892929,0.00888931456544583
"1139",-2.23210570009856,0.00930534596045063
"1140",-2.04711656237477,0.00923949086766196
"1141",-2.00222468648614,0.00978064177324446
"1142",-2.08065137610578,0.010552263964579
"1143",-2.13462449591971,0.0103526334175404
"1144",-2.15718320967459,0.01036805589505
"1145",-2.20216030987323,0.00830357079495059
"1146",-2.37790396200106,0.0107442368331047
"1147",-2.34827010452377,0.0102667096616135
"1148",-2.10559257965669,0.00900214458135743
"1149",-2.2301916612831,0.00926814964717212
"1150",-2.0631699008206,0.00792270868846381
"1151",-2.1047605434864,0.00875483814823571
"1152",-2.18856790436016,0.00854437731406303
"1153",-1.97754181877792,0.0084563028609067
"1154",-2.07950013173414,0.00916803652632686
"1155",-2.11889825349745,0.0081789540528808
"1156",-2.01256583336384,0.00823501538096111
"1157",-1.99009327962591,0.00916005946340996
"1158",-2.23256976838562,0.00928750376984625
"1159",-2.03632224529229,0.00989041296921515
"1160",-2.04449677035344,0.00870696168294015
"1161",-2.0006868813983,0.00865060398276915
"1162",-2.35465036235841,0.0106659377606281
"1163",-2.31199439595604,0.0100769917421122
"1164",-2.30818203564549,0.00872220780297192
"1165",-2.02614727852277,0.0104097374549123
"1166",-2.18200594450388,0.00971419739596176
"1167",-2.20107776488731,0.00960261831563027
"1168",-2.4100461983658,0.0105214224263148
"1169",-2.06770592537712,0.0093628967826338
"1170",-1.97745017014442,0.00880732257514252
"1171",-2.27168493613417,0.0101403411219977
"1172",-2.40865034520399,0.0093383995636747
"1173",-1.98030189334919,0.00826035562253188
"1174",-2.16405765532355,0.00927960149453385
"1175",-2.25722394579189,0.00963759268214954
"1176",-1.98144005408714,0.00808195158797928
"1177",-2.0235564457524,0.00986930368012778
"1178",-2.31994462724093,0.00940145806011974
"1179",-2.36628082888535,0.0103255780432409
"1180",-2.05102224637938,0.00917099354717483
"1181",-1.95707120833186,0.00881906300378849
"1182",-2.15061956260804,0.00932091262990654
"1183",-2.24551696174318,0.0100598638045486
"1184",-2.35475063062182,0.0112318859972483
"1185",-2.27841251018662,0.0113476075681196
"1186",-2.03233309434656,0.00915810291207344
"1187",-2.20851495563551,0.0100623600690941
"1188",-2.20170548476232,0.00852551084282665
"1189",-2.1022071626596,0.00998317100124424
"1190",-2.34525128179676,0.0104683984217957
"1191",-2.00587391741471,0.00805623933204043
"1192",-2.09760159720634,0.00781223299564796
"1193",-2.03931612232711,0.00924416807007926
"1194",-2.06875057573378,0.00946876629957327
"1195",-2.02771813322013,0.0105794616043831
"1196",-1.9898119362336,0.00838762371473735
"1197",-2.36850165308763,0.00976654615912432
"1198",-2.36509085300566,0.00911286237459397
"1199",-2.23238277425214,0.00915605170084995
"1200",-2.27510958574656,0.00954159488061978
"1201",-2.02188693372258,0.0105625417868144
"1202",-1.97597366366114,0.00702745548709309
"1203",-2.02478112192124,0.00849981945893047
"1204",-2.06782532233991,0.00742088036654934
"1205",-2.2380079535588,0.00923541976537919
"1206",-2.03964938844318,0.0104718053604236
"1207",-2.094572675253,0.0108577242681996
"1208",-2.40983536159279,0.0107383841119847
"1209",-2.05149948316032,0.00825775890752683
"1210",-2.26860199305647,0.00907798944514438
"1211",-2.39709365721794,0.00939614561104448
"1212",-2.09760159720634,0.00781223299564796
"1213",-2.10602763159067,0.00961868225332034
"1214",-1.98633775697671,0.00871793806778663
"1215",-2.35429600430504,0.0113087053187541
"1216",-2.33522590492757,0.0101707573793832
"1217",-2.41809134371508,0.00898175400168435
"1218",-2.26081578920099,0.00926518745602815
"1219",-2.12145541526752,0.00961305012956003
"1220",-2.24286051681893,0.00970209443006919
"1221",-2.30893549862122,0.0112596718018078
"1222",-2.10242475015664,0.0090586983395049
"1223",-2.40370496223216,0.0106284285858987
"1224",-2.29879390967748,0.0101412135768443
"1225",-2.02418974373187,0.00995041246566062
"1226",-2.23210570009856,0.00930534596045063
"1227",-2.01243593203488,0.00849185633299154
"1228",-2.11822445352075,0.00825477186023304
"1229",-2.324741828815,0.00940806279151717
"1230",-2.34534222912179,0.011002286813357
"1231",-2.06833383027965,0.0096118991276606
"1232",-2.319335196681,0.00923698848580062
"1233",-2.36153273261421,0.00969015658159442
"1234",-2.04302581581424,0.00812540692051687
"1235",-2.35740572144483,0.00945272374368475
"1236",-2.35647753010341,0.010598335377097
"1237",-2.34196247340338,0.0101784987124216
"1238",-2.06171149046301,0.00773902391516943
"1239",-2.09043301149665,0.00864410776791936
"1240",-2.03804920371686,0.00770157281844594
"1241",-2.23468613046521,0.00826442427822716
"1242",-2.05825985888676,0.00858183060344961
"1243",-2.17219521500616,0.0101915623137488
"1244",-1.97660152089752,0.0087058194538778
"1245",-2.33896765701756,0.0102465351171457
"1246",-2.36270043188525,0.0100423701337408
"1247",-2.2762863037913,0.0104277430295547
"1248",-2.41011461670019,0.0113079088028532
"1249",-2.07775924954634,0.0102927514807118
"1250",-2.31861524381307,0.00930134108195538
"1251",-1.9960373159536,0.00924753197853238
"1252",-2.40146029987934,0.0109519270215578
"1253",-2.40273178202996,0.0107910677589951
"1254",-2.28222345772805,0.010539577120403
"1255",-2.36389215379698,0.0107633904176706
"1256",-2.05893973044666,0.00949872725705325
"1257",-2.35429600430504,0.0113087053187541
"1258",-2.35533458213112,0.00978151710802214
"1259",-2.41779440367822,0.00859864310939494
"1260",-2.05722998396664,0.00903671960820883
"1261",-2.27242941163518,0.00993941507920734
"1262",-1.99893051551723,0.00954151288784992
"1263",-2.05211299492784,0.00929751239547411
"1264",-2.01176948102055,0.00863154591066114
"1265",-2.33893916663971,0.0101399496237552
"1266",-2.31808223699969,0.0116546171118958
"1267",-2.12144388830341,0.00810234604675524
"1268",-2.05998047832949,0.00901893461204621
"1269",-2.10002279922731,0.00882356220911852
"1270",-2.35055830075849,0.0101688985876113
"1271",-2.12910821168378,0.0107846648508839
"1272",-2.35000390870048,0.00846812561968765
"1273",-2.35531058897715,0.0116271532625431
"1274",-2.08514867440575,0.00883955579827842
"1275",-2.20331407231255,0.00962307885078809
"1276",-2.17410170935013,0.00967686561738463
"1277",-2.41136998491427,0.0096003917428507
"1278",-2.1769661212475,0.0102990419286724
"1279",-2.37533791847461,0.00978739404371595
"1280",-2.35715964558339,0.00957806466444833
"1281",-2.16063059129908,0.00926669699048828
"1282",-2.0680024938588,0.00953614891070826
"1283",-2.41011461670019,0.0113079088028532
"1284",-2.02025315651358,0.009354136889105
"1285",-2.3573471706965,0.0102117070675668
"1286",-2.11843769562683,0.00853803030072334
"1287",-2.23702438636866,0.0086731240575036
"1288",-2.40916740231613,0.0121418891979499
"1289",-2.23286038793169,0.0101203190621935
"1290",-2.31897538293196,0.00899596325378951
"1291",-2.04677302416014,0.00984426780475238
"1292",-2.34534222912179,0.011002286813357
"1293",-2.35531058897715,0.0116271532625431
"1294",-2.35919871966119,0.0103227868173591
"1295",-2.16308348066107,0.00824246246035865
"1296",-2.02158217387812,0.00702297990059839
"1297",-2.35790807517642,0.00915314329922019
"1298",-1.98636269626578,0.0083994010945833
"1299",-2.04048619543739,0.00918563018005608
"1300",-2.05161391192944,0.00821001534429897
"1301",-2.02771813322013,0.0105794616043831
"1302",-2.35429600430504,0.0113087053187541
"1303",-2.18071787377697,0.00915325976880882
"1304",-2.05940533204519,0.00958972726315837
"1305",-2.20971991674948,0.0104444923877859
"1306",-2.34798798048712,0.0108830085441275
"1307",-2.27279683207542,0.00838758129521171
"1308",-2.07512700723527,0.00885289397189506
"1309",-2.35964566807332,0.00971086666589583
"1310",-2.07215385230859,0.00860008739693508
"1311",-2.06454091295211,0.00769725880197442
"1312",-2.09535131173159,0.00723554424678712
"1313",-2.40524533917112,0.011303322729684
"1314",-2.17593834047665,0.010283947262455
"1315",-2.2343068907194,0.0075278820356626
"1316",-2.04099209757517,0.00815470879707868
"1317",-2.41365350137289,0.010715157426329
"1318",-2.3572965452225,0.00952236973579641
"1319",-2.00744671149933,0.00962455431070121
"1320",-1.98293971392415,0.00714586989866152
"1321",-1.97724054500538,0.0081425724913921
"1322",-2.30837697118784,0.0107384327471232
"1323",-2.05501357036014,0.00892938146996013
"1324",-2.03380603029513,0.0089692312078751
"1325",-2.09223751837896,0.00990661788652782
"1326",-2.04064626285388,0.0085743069453846
"1327",-2.11817048279979,0.00904136281246539
"1328",-2.21070802035748,0.00927033388735961
"1329",-1.98175397171255,0.00875072276653996
"1330",-2.08013461038237,0.0096140879632588
"1331",-2.34917620884614,0.0101236463297816
"1332",-2.15805910052564,0.0101144845390866
"1333",-2.35496593384084,0.00982088127086345
"1334",-1.97474136205994,0.00833125184998042
"1335",-2.04212194026084,0.0087742936412559
"1336",-2.33069927121881,0.0100168995974824
"1337",-2.04668350709563,0.00840438835644716
"1338",-2.115215646471,0.00852822961331382
"1339",-2.05794992718806,0.00874510517423484
"1340",-2.0448197781933,0.00881035098528905
"1341",-2.19708925427886,0.00954028253670404
"1342",-2.05903955333246,0.00795361137480238
"1343",-2.30670943249387,0.0098136204884436
"1344",-2.36503104160236,0.0112429325278329
"1345",-2.36136498824757,0.0105810103016962
"1346",-2.03742625391323,0.00930267563511917
"1347",-2.15172983009424,0.0101591788966995
"1348",-2.28597813770968,0.00965856159150566
"1349",-2.2826026567113,0.00958082229778207
"1350",-2.10329295269646,0.00836538711204704
"1351",-2.18962244631266,0.008478446888436
"1352",-2.18361647642335,0.00998990685560327
"1353",-2.04930429486772,0.00966083710624684
"1354",-2.16258324662194,0.00792588180180246
"1355",-2.2342566053774,0.010197801609689
"1356",-2.3702747645681,0.0117906868116967
"1357",-2.12335875077406,0.00934050189550347
"1358",-2.04187876532101,0.0095093134632367
"1359",-2.35281065203897,0.01032598296074
"1360",-2.41011461670019,0.0113079088028532
"1361",-1.99195395734974,0.00795356482535563
"1362",-2.06559583000468,0.00932694363696025
"1363",-2.04147415765499,0.00851894935571315
"1364",-2.30822483142586,0.0119031176308024
"1365",-1.98182402937488,0.00695931641308841
"1366",-2.3639380223295,0.00946690690206762
"1367",-2.25475758537009,0.00942230664247988
"1368",-2.18078204416301,0.0093333972545095
"1369",-2.02880337021929,0.0102653133161645
"1370",-1.97995050480491,0.00781219373782314
"1371",-2.172890784226,0.00936183964128811
"1372",-2.00192501951998,0.00861848081837916
"1373",-2.05847529314137,0.00888017730650989
"1374",-2.00362125028294,0.00966424532212071
"1375",-2.04351736422425,0.00857537558277778
"1376",-2.28552141898972,0.0109372996904397
"1377",-2.2994897427165,0.0114490263705327
"1378",-2.04715774734658,0.00912968019568092
"1379",-2.4020613236858,0.0097081038225849
"1380",-2.18072910853851,0.00921058286568506
"1381",-2.28160250056658,0.0103959238705249
"1382",-2.05382109149527,0.00801970103426814
"1383",-2.05406153487875,0.0089196767312448
"1384",-2.06900833600178,0.0089485880265267
"1385",-2.04365975233875,0.00929033485707431
"1386",-2.28716813113564,0.0097227002586132
"1387",-2.0954248764619,0.00740949965718829
"1388",-2.04711961680825,0.00974050263568051
"1389",-2.08013461038237,0.0096140879632588
"1390",-2.18046491766732,0.0105762991180732
"1391",-2.36193784141006,0.0103198750900591
"1392",-2.02956996278711,0.00968575661740634
"1393",-2.27439447566212,0.00958176026553172
"1394",-2.05600361487137,0.00960515025341551
"1395",-1.97724209008153,0.00834071450908033
"1396",-2.38791103608319,0.0107965305323885
"1397",-2.35429600430504,0.0113087053187541
"1398",-2.2647930058044,0.00991870235531166
"1399",-2.35635285719707,0.00913418272975114
"1400",-2.33458068004719,0.0113115149712515
"1401",-2.02638519087884,0.00990330711561044
"1402",-2.2470265583832,0.00933059889176272
"1403",-2.15224019756562,0.00964440055463734
"1404",-2.1796944606628,0.0100659067077979
"1405",-1.98612458450583,0.00965231767363474
"1406",-2.36886058707396,0.00994789393520288
"1407",-2.23886794187336,0.00888077115214049
"1408",-2.21181778639376,0.0094135802821737
"1409",-2.16023288873845,0.0104335315902348
"1410",-2.05663374264483,0.00881575705421402
"1411",-2.14995891809119,0.0108011970057548
"1412",-2.40593918036694,0.0104828147895216
"1413",-2.12044281262423,0.00854665774267356
"1414",-2.07646866883922,0.0103203793494618
"1415",-2.05020818967255,0.0102716297502489
"1416",-2.02690174759796,0.0101186874250343
"1417",-2.31394438040105,0.00932097437292938
"1418",-2.34953817570775,0.00990113798521559
"1419",-2.36677996035344,0.0087557964297376
"1420",-2.27094357187605,0.0107205822755361
"1421",-2.14707272712909,0.0103428569935637
"1422",-2.21869919596955,0.0102349136969606
"1423",-2.07196473997288,0.00821625752241282
"1424",-2.28555820196936,0.00828777141062106
"1425",-2.04525262990329,0.00890033422048484
"1426",-2.42803742316696,0.00943079176364373
"1427",-2.09716750038336,0.0102347546540672
"1428",-2.39563156838889,0.0112818998932103
"1429",-2.00142000535421,0.00812320411591686
"1430",-2.10387947536201,0.00916266745018149
"1431",-2.36054159741648,0.011084765842132
"1432",-2.115215646471,0.00852822961331382
"1433",-2.09891073412287,0.00935687134213185
"1434",-2.29878095867215,0.0113811139566861
"1435",-2.08907970753749,0.00960686401891132
"1436",-2.02690174759796,0.0101186874250343
"1437",-2.14451503782235,0.00910925836190526
"1438",-2.43155293411745,0.0122203571184954
"1439",-2.08408073902503,0.00918340294650155
"1440",-2.21975187428832,0.00989146934324042
"1441",-2.1575329088633,0.00936740828990967
"1442",-2.10057335705714,0.0075729388907286
"1443",-2.10123848181333,0.00779167243957244
"1444",-2.25256212959429,0.0103865996890584
"1445",-2.00984090758969,0.00821834794543672
"1446",-2.30601827406028,0.00890093804007502
"1447",-2.23210570009856,0.00930534596045063
"1448",-2.34917620884614,0.0101236463297816
"1449",-2.21869450726225,0.00869718938455243
"1450",-2.08013461038237,0.0096140879632588
"1451",-2.34167963138524,0.00922072228466495
"1452",-2.40412758353494,0.0112032609428133
"1453",-2.09972555928445,0.00972272300953498
"1454",-1.97819917980021,0.00839762884389651
"1455",-2.39643974397048,0.0101809575793535
"1456",-2.24473377411742,0.00923818060994484
"1457",-2.36526286508777,0.0105423950849883
"1458",-2.2164452874977,0.00988468398573533
"1459",-2.03085737344787,0.00727718273972951
"1460",-2.29235570615988,0.0102884737918362
"1461",-2.33364261848777,0.0107720353352788
"1462",-2.05194348360724,0.00726433433400045
"1463",-2.03667539011746,0.010093745460669
"1464",-2.24226283719936,0.00989145254207294
"1465",-2.09760159720634,0.00781223299564796
"1466",-2.34570162404366,0.010459173932109
"1467",-1.98477413391594,0.00976606261593958
"1468",-2.32443086730906,0.00845183394568571
"1469",-2.0340205776608,0.00920286614521643
"1470",-1.98727788931057,0.0101399162441019
"1471",-2.37021976293663,0.0102769641749806
"1472",-2.12044281262423,0.00854665774267356
"1473",-2.1575329088633,0.00936740828990967
"1474",-2.00596760853503,0.00994998589393184
"1475",-2.21503625478277,0.00971065565036213
"1476",-2.02739012881989,0.010077387458303
"1477",-2.01244859286935,0.00801951283144652
"1478",-2.04117569832854,0.00817564587843312
"1479",-2.34881949934008,0.0108160019125403
"1480",-2.01420904364748,0.00893542464933224
"1481",-2.05093817021907,0.00824437186465054
"1482",-2.16721275519231,0.00964198157545168
"1483",-2.22760386920185,0.0100968393859399
"1484",-2.26789814267588,0.0100292829784786
"1485",-2.23227397544184,0.00916897487805953
"1486",-2.34534222912179,0.011002286813357
"1487",-2.24579630268821,0.00866976782825842
"1488",-2.36725489868376,0.0100395762475066
"1489",-1.97995050480491,0.00781219373782314
"1490",-2.04654997814387,0.00873467702455897
"1491",-2.34917620884614,0.0101236463297816
"1492",-2.06495155977831,0.00790887606502099
"1493",-2.34881949934008,0.0108160019125403
"1494",-2.35625105690984,0.012435770058906
"1495",-2.36886058707396,0.00994789393520288
"1496",-2.3388314965938,0.0111582885174671
"1497",-2.4069481342983,0.0103573794181852
"1498",-2.05794992718806,0.00874510517423484
"1499",-2.11693044491228,0.00916166574894259
"1500",-2.04632767589754,0.00948886913562706
