"","beta0.1","beta0.2","beta0.3"
"12022",4.97587984800313,4.96672676643339,5.09355417941845
"6293",4.95376564563842,5.02016966882646,4.94366388576055
"19884",5.01004252804995,4.88030198482167,5.11872730682372
"13765",4.78736804342771,5.20877855881663,5.22250582311133
"22643",4.99433406770411,4.89384256914124,5.05284751970898
"24004",4.8297418816637,5.05419185101898,5.06625483596729
"5239",4.91658423050907,4.95993582482857,5.05131297792548
"21823",5.05734733036453,4.9251750557349,4.90310278709717
"15454",4.93818396413301,5.20707613086741,5.0724113465491
"11523",5.14483334740814,5.07369086066102,5.05245769154168
"14912",4.81378546032481,5.01035043727073,5.08316855208258
"389",4.74208643942255,5.07297594674306,4.99118671718976
"18642",4.96768608939898,5.02252287929766,5.02903773481411
"19882",4.80740528289694,5.13561506482798,5.02672209885502
"7763",4.85895129559965,4.95420993720083,5.1102525388479
"10958",5.15154796876555,5.09556977929244,5.00226544676303
"9187",4.93158151826914,4.98947175371366,5.07032690322889
"4082",4.83500031500368,4.92080213912756,5.0227463510541
"1048",4.86059763896569,5.00011953211414,5.01428714896384
"7356",5.00846274787014,4.93275346493338,5.05700750558745
"21962",4.90225677191948,4.8526555294685,5.07708114743017
"648",4.90455514601678,5.03287846756279,4.99484644198482
"25129",4.86396662786868,4.83424812141457,5.06826249910078
"22761",5.13026525898706,4.95523946603962,5.19917755576163
"3720",5.08294347203215,5.04876857564041,5.104472825289
"7244",5.16684963535697,5.05174001289558,4.92932818472403
"3932",4.64377182375686,5.04495307757609,5.13406860557211
"18535",4.88661159445819,4.85207650261584,5.05256602805489
"24236",4.9978611073004,4.81899914621792,5.05488050264187
"5394",5.04787648710295,5.00587661318332,4.98272728999285
"5061",4.87943958933361,4.87814434171294,5.08190984342703
"6880",5.01649565022115,5.07867654295804,5.06428988916608
"14900",5.03333333905289,4.9428986352944,5.15810848918392
"7740",4.82203766453096,5.08895577343335,4.97017733618085
"5348",4.85958881492382,4.84364560283677,5.04827237840512
"7379",4.83637596394921,4.99998076413666,5.01504143060263
"19789",4.87083083640584,5.00937281567747,5.09166041203379
"105",4.87794349754043,4.96127591830959,5.18094122307457
"3227",5.03542026938922,5.04488036519606,5.08297097489709
"19398",5.00089682280837,5.16797832469759,5.2515948775977
"1347",5.08225912642763,4.74679599345899,5.23132750116259
"10097",5.05691362283447,4.96835359355604,5.16054995560056
"2307",5.16574476137074,4.96144070702858,4.99070916043454
"16422",5.06243094632558,5.00202267172224,5.11092791472296
"7541",5.11409185619952,5.04944158494919,5.02208882735335
"18758",4.92813668238948,5.02825097787676,5.09363309505092
"22824",4.93113388047143,5.01890895250255,5.07644535963144
"5883",5.03394437546615,5.03459520548936,5.07908440445284
"9904",5.38423428786452,5.00478920992059,5.06084454243347
"14303",4.84599914708997,4.8761208994581,5.10463272191596
"6657",5.2853714970679,4.77596952639231,5.07489117541799
"14060",5.13979573184096,4.88673284456328,5.15422488535873
"7912",5.03726177635882,5.01947572897429,5.04504875195281
"3799",4.98558792308573,5.06355880551837,4.97806296307682
"23310",4.92812426861653,4.93790318479591,4.94580249458081
"12370",4.92407772647815,4.96475371711005,5.02053933370751
"22933",5.04707897525763,4.91401284347984,4.92953230253533
"10486",4.83960118857177,4.95325591882625,5.14748005624639
"442",5.05792988000875,5.11253347589879,5.1561687958439
"24600",5.12379939418464,5.13395053941458,5.01649614152942
"14779",4.97879728135093,4.82707760217803,5.00369320557885
"24806",5.02901776632302,5.305606125612,5.02911392940094
"204",4.92921638345538,5.05055616184954,5.13045264335883
"21589",4.91054644046936,5.06935909615978,5.04110812609633
"5144",4.99721983777935,4.96819054040646,5.20340522428535
"16540",4.75141920550474,4.96071130252792,5.0052071776417
"20603",5.10334627067782,5.12685178676579,5.05493178842686
"20138",4.88916170240614,5.01984535370488,5.02164272429227
"10497",5.10062142556174,5.14560581424042,5.08683754243505
"4288",5.01118596745519,4.90103299889139,4.98327159286942
"14026",4.95751875461109,4.94299073049453,5.19113493362502
"24445",5.03827126858537,4.93723448689793,5.07579582068724
"5508",4.94397888992649,4.93301630793573,5.07257748471541
"9343",5.11836589512008,5.07232369659742,4.95102376503901
"23141",5.27145621338278,4.98609846851344,5.06034942288287
"12712",4.95724265954485,5.05279585608475,4.99911745654454
"2322",5.15061609022742,4.92080242724368,5.21957809133692
"2373",4.92563119769871,4.92154468748908,4.93429143723741
"23372",5.06306562400738,5.07459557842315,5.09008086669676
"380",5.04177602716205,5.16157494777068,5.06840954392044
"21213",5.02324178915484,5.09611746712695,5.05037429703145
"13766",5.04320472093044,5.12131407930821,5.04698849378246
"7741",5.03891259509943,4.93555985679193,5.04373693413857
"18659",5.1886928977302,4.93622511864686,5.11175072951018
"9382",5.01220714744426,4.95213787453482,5.11738917467805
"13303",4.78766429380975,4.98385728867639,4.98433690625857
"20288",5.0048999380037,4.93197529100031,4.93315976711759
"23855",4.6093894790649,5.33718890301186,5.01386485080223
"19967",4.97029992783989,5.09781736391835,5.10679987182449
"12078",4.8815290701968,5.00627382224227,4.95973913825448
"11397",5.18494280772934,4.95642692771085,5.23064700346797
"18744",5.04759772873187,4.81257564490529,5.17813020027504
"17217",4.99019972662289,4.94597123737693,5.01463977665175
"1992",4.9831037274878,4.88561975750559,5.18895056959103
"10484",5.14408851534028,4.91321894609452,5.09049971558114
"9814",4.91514537386474,5.0505654023011,5.08815207420556
"12020",4.83300982126188,5.00393553296959,4.99944955708765
"13260",5.03999531588869,5.04321586327859,5.06004935282214
"14700",5.17383329051556,5.00341629915782,4.90789381532755
"25079",4.72876111308175,4.92905603011046,5.11755330542924
"5404",5.23941377809887,5.02233753576981,5.15638520449513
"24690",5.02915417804185,4.85410329206959,5.08180350614737
"6098",4.99664760448663,5.03463181086458,5.15413330663164
"6883",4.90459181163598,5.01169668729426,4.9770610112444
"1447",4.95494276579297,5.02663329212942,5.19013719494735
"6790",4.84670410879027,5.1092255673104,5.12024929823432
"2036",4.93292957117491,4.80033669021288,4.95199981721863
"23079",4.90282620590623,4.93750063454145,5.04772683946515
"12560",4.8751015070736,5.01113026288632,5.07952041363148
"16800",5.35723196237428,4.95702398231355,5.03559009176731
"6223",4.94144975236126,4.9166548434505,5.07504847164258
"16191",5.24059942256563,4.86443122309488,4.86219490285291
"22447",4.90460984318027,5.04938691318358,4.94156000508393
"9004",4.90508765715727,5.11527746400986,5.17817085975098
"8907",4.83182087662712,4.98281741498828,5.04309314978478
"16336",5.22809927936594,4.94505836631715,5.05505154258976
"19340",5.12085428879146,5.10229348652434,4.98812469798793
"2590",5.04349388392241,4.93628968166766,5.13380255537169
"1713",4.99112957272977,5.0279444035566,5.19943860262021
"14713",5.01290068461428,4.81271028185233,5.05503619776
"7688",5.07055570399028,5.04593883087661,5.09900465931012
"11724",5.19005990880715,5.08831051427617,5.11809033135757
"15242",5.20831896804388,4.98700603685687,5.16807597906054
"16123",4.85362831329585,4.97343816475182,5.04727477055314
"8486",4.87128231534022,5.09268018701156,5.12169844470133
"20045",4.92352529898045,5.09492992082099,4.81502721065312
"22759",4.96537570043583,5.02773283465499,4.9372304831434
"10831",5.00755606831495,4.93057765381857,5.0519710079689
"22686",4.94918101160377,5.07697946000732,5.03852004091612
"7193",5.01955691265252,4.9851485806852,5.00835670994947
"1495",4.91889964468177,5.12471365469086,5.01548892975755
"10575",4.96855654044238,4.89509964520468,5.04796324076594
"8292",5.04750763909566,4.94648544068473,5.15530967804004
"8260",5.05207993519576,5.14188354955951,5.22932585007207
"19535",5.0649705301715,4.89979697280869,5.09771681866491
"24720",5.05398333310161,4.79835578293696,5.2449627936017
"21594",4.93030194777119,4.94041751277982,5.08361024893978
"10533",4.89412419976293,4.96204382308065,5.24244084702656
"11375",4.78948800056432,4.84719825604273,5.16318656885566
"15472",4.9863634296598,4.90278378580541,5.17682020209104
"10061",5.03609086361496,4.91687365252774,5.18321428613243
"8749",4.92168971574205,4.83501774059035,5.14007458749994
"22207",4.82123048306985,4.93525763041852,4.99830077679258
"14313",5.20393029645186,4.80112895005013,5.10576845829684
"6462",5.01141460300109,5.27208456794018,4.95472583087487
"10856",4.97577838280922,5.04977590241039,5.11202997810756
"830",5.09530148588708,5.00626396858508,4.84210877972441
"23316",4.95352041502776,4.91985935168485,5.01343890999119
"17406",5.15423317555323,4.7966861244433,5.13402581723969
"19972",4.93098711586551,5.01309627111042,5.07626012802073
"18508",5.00891902212705,5.03947766628837,5.14988280903185
"7973",4.74893992997698,5.13174732749771,4.99038513482755
"7422",4.84138733598935,4.9500187582354,5.04428981754517
"23573",4.75223483954372,5.29224904982537,5.1134982560581
"23781",4.72214267132997,4.89691230266941,5.184642474414
"2181",4.94797974849929,4.86725557697382,5.04274248391959
"2105",4.87130941358952,4.91196484540213,5.08924339845398
"9001",4.66244631865838,4.96533067798393,4.99599951050049
"19034",5.05890003143061,5.15404036550422,5.02481560921014
"20032",5.11121232831928,4.99913356790296,5.08517210509131
"15736",5.09137431418213,5.04864303242735,4.97908255680166
"7300",4.96496637249721,4.9808796912309,4.92704622140634
"14537",4.92523222051191,4.93132528799315,5.01627128582221
"12855",4.97253891872446,4.89856723232945,4.96412073109656
"11752",5.18565700554024,5.00621569585026,5.13425519027798
"10726",4.8321362130747,5.03886094986255,5.15904129072695
"10714",4.90255823300991,5.08140100723386,4.98958805133219
"7008",4.95507373166256,4.96571112416502,4.96423702179459
"9867",5.07399478605746,4.91478375478931,5.16439736179857
"21855",4.89329230109712,4.97822453584701,4.98216087836309
"21120",4.99191463697308,5.0473697370302,5.05162708322525
"12131",4.7220835295169,4.94643395281542,5.08963185535916
"21414",4.86134628598604,4.75813639443999,5.09296396148803
"20410",5.10588558902073,4.83874140590419,4.99669875692203
"2496",5.01800741687607,4.82538616247902,4.98036676188507
"7883",4.9644379642615,4.83764531427148,5.08440556835214
"4161",5.05862570171553,5.01683741623026,5.07279823761032
"9044",5.00999211995042,4.99823422484217,5.16432746672621
"10916",5.03711125786475,4.93050530628952,5.06774892720134
"9215",5.12029325977024,5.05463645192838,5.03744921265235
"3354",4.90394750031893,4.91861228891274,4.99134292857637
"10340",4.86988056795176,4.88688674155698,5.06974772902674
"12761",5.12569237996194,4.92486827721322,5.19359734669991
"24334",4.94931803811133,4.92462054083134,5.03290560391851
"20303",5.13911245619845,4.9813657811565,4.93334737152895
"13471",4.92772713231076,5.08648310975345,5.07727547766757
"7029",5.02894634227282,4.9121113514072,5.22277712231727
"9759",4.82589658167369,4.86225765786634,5.0500888596232
"17247",4.86102567224095,5.01549093667606,5.12447380317866
"22946",4.85716618316535,4.95845338187693,4.95153678832277
"23442",4.70798802224648,5.03604968107945,5.04627631571517
"13256",4.94726366075124,5.00383712353286,4.99314789513934
"6739",4.98936552599184,5.0579074401096,5.01903628172444
"16617",4.97807587495525,4.81818174789928,5.09905442880609
"4860",5.08037477810393,5.02035910566171,5.03945026226292
"3434",4.89548125404678,5.17494090013604,5.05694539422258
"19707",5.00750833676378,4.8775561100479,4.99717600744845
"25433",4.89645472938043,5.0167466043321,5.14167156082156
"10884",4.93265736494937,5.1044894510885,5.02029196771279
"14388",5.01187695176653,4.89672335520697,5.2091372761848
"6685",5.11922963095128,4.88434909133507,4.97735633606763
"13313",4.95280775095473,4.85620044101449,5.2135240032439
"2518",4.962452803471,5.13470462899891,5.02489725799766
"4436",4.97329176851819,5.09384848912969,5.12635275256879
"8171",4.80994433218349,4.94277696738947,5.21744191630836
"24020",5.04356128641693,5.07645432826229,5.15176457713633
"24413",4.93899275705541,4.98103652583392,5.1088828638624
"9339",4.83944530682155,4.93367309475939,5.10191480158024
"21835",5.15821462573094,5.00096541457948,5.0729461497289
"23876",5.01526867410709,4.8889723195833,5.12479377844998
"7527",4.80991207557567,5.01032562118023,5.07582303015956
"6854",4.85719267083545,5.04182797196238,5.14282432921218
"10268",5.06462484928252,4.93102335733004,5.04587591815382
"9133",5.14146510068355,4.93746116992135,5.1402776600417
"9609",5.01032190840917,4.99020921798101,5.20349172794673
"22281",4.99934656633804,4.91261898451104,5.09869757602251
"9110",4.99043210475919,4.90067649718656,5.12317197926819
"21794",4.98430678352415,4.73163283289591,5.08413239522636
"3317",4.92398758280698,5.06423883692752,5.23643521021474
"3260",4.91657886152182,5.04960585938442,5.10377788716351
"3831",5.08949470742337,4.99045612782167,5.03589110498757
"4138",5.08982155259721,4.98998001124646,5.11710701009948
"19846",5.06763438147883,4.90982298162703,5.09527064927849
"20371",4.99251095952153,5.00356180928322,5.10776414377261
"7822",4.9826587470899,5.02096254651302,5.0781464408357
"8461",5.14769982785146,4.96107404500714,4.99396610217233
"21542",5.12051895350701,5.05988182289989,5.06003248248631
"13084",5.24994839544375,4.92489295784566,4.95507712107242
"15420",5.17825692918375,4.89791542036228,5.15305699462896
"14200",5.02278949230917,5.14604196097266,5.07528084611557
"23257",4.95015677629279,4.96609292560832,5.11280962070511
"23326",4.83799926360052,4.91674949778684,5.00057646041245
"23834",4.99867281223704,5.03769893673461,5.09279509005357
"24271",4.91107997576123,4.93335542944056,5.0891204081715
"5773",5.098032866481,4.84438270666945,5.03753442671884
"18973",5.05754569614485,4.98960346647766,4.91500773461275
"9662",4.95991867790148,4.91733861007703,5.23106158988344
"13425",5.05055313028982,5.0807388015751,5.01577944982269
"12742",5.00889278121376,4.82619953900856,5.03956313616396
"24228",5.0205395206545,5.07571522051253,5.02339995924542
"24514",4.9132181288986,5.11841096664615,5.05182689170582
"2172",4.80149096761394,5.05605454557967,5.01545497519779
"21774",5.11358182237843,5.12239628992211,5.15153161734264
"3330",5.01692686041398,4.86024140265234,5.09309181995685
"13922",5.05810071502351,5.10806436919,5.05079322641692
"21088",5.09496907269882,5.01587118069267,5.02735507692166
"15592",4.96126978213862,4.97714579907327,5.08298081624591
"12457",5.08265231036,5.04809830585697,5.08809320645257
"13195",4.93071892183879,4.94261514321179,4.95349688980936
"3112",4.7131833312378,4.93055673840341,5.0756835182701
"13447",4.9972859658524,4.99751391483192,5.18532927076752
"216",5.03491581581274,4.99439768901414,5.13572170200416
"12494",4.92376348686883,4.96426261913405,4.9829861648492
"11747",4.75008821121822,4.98717940389627,5.08203664632045
"12642",4.89247978115959,5.15904211232958,5.11649457778812
"11881",4.88360337232088,4.98692896458785,4.91008826463214
"4780",4.87869429261501,4.86104424979183,5.00706647041142
"4539",4.92745759319628,5.00145062008528,4.98397036106215
"757",5.02701636442895,5.04307249301939,5.0306679232998
"18571",4.98578177845813,4.93804926103063,5.05808530861333
"3886",4.78142281725221,4.97284243116897,5.06894271769591
"3957",4.90548201857426,5.02417631430657,5.05594343249769
"23461",5.11771875306905,5.02919682471981,5.02132530164961
"1366",5.14444554291243,4.83355057802656,5.00612898501151
"7053",4.92684739662912,5.18873246218273,5.01778514627082
"5484",5.17140530575934,5.05537065352876,5.19878988288577
"22206",5.0783471358823,4.96309749855137,5.09923344469898
"12029",4.94323754676169,5.09793759060454,5.09128700806082
"12087",4.87270544047571,4.79099702229554,5.08776107734949
"8851",4.9347876423295,5.16864910844221,5.03247727282082
"3090",4.99236473579132,4.99274335487275,5.07238287609248
"1819",5.00929739652188,5.00852071984792,5.13621059419525
"10948",4.90036911968311,5.13555590294146,5.10207296935995
"2107",4.75148117505355,4.81439401687147,5.29572598438992
"19955",5.00707313991386,4.96412533984264,5.16844677992645
"17303",4.99021932570658,4.95679052223169,5.05717439504028
"19547",5.04323829076012,5.1074397429597,5.04803955091702
"18782",5.0941819531781,4.98861067049264,5.18885289261792
"19521",4.74477620844761,5.03986383352074,4.98333021150274
"22647",5.05206364322888,5.04749401802834,5.11507621143669
"3054",5.03784711917802,4.99909137080534,5.16587782335386
"10995",5.06696908739992,5.02997806130262,5.09852900437479
"1425",5.0222426928328,5.0186275536466,4.95367612025653
"3550",4.96587983729877,4.94125463729845,5.05310651606308
"10025",5.1428105750126,4.91490133052349,5.06064967199555
"22484",4.85541915624278,4.89511352382255,5.29790910823901
"8534",5.1344719850966,5.04408647841683,5.17840181733766
"14017",5.04225381220627,5.04295871357879,5.15271833337563
"11916",5.02033046437734,5.02999847055963,5.07943878452331
"3610",5.13566982661728,4.89235410654817,5.0408521310421
"17613",5.14075767192597,5.00518147764356,4.96199198721557
"17938",4.8347082985255,4.93989656123628,5.05183665472305
"11266",4.98236698141895,4.97901990823483,5.09091632587045
"14787",4.94178168582504,4.88530944611867,5.07115191499336
"605",4.8347276571595,4.99451541449824,5.04073111813232
"16724",5.06944284861263,4.82848060344211,4.9988530625664
"6432",4.81683686579612,5.02694610784942,4.99485890345223
"4031",4.97596487463408,5.00770962726471,4.9221953183523
"3234",4.84450719839874,4.83781604165283,5.10671870046756
"20708",4.89624678115453,4.96719294745668,4.97339323872228
"13376",5.06192582360518,4.99053879976944,4.98345794002448
"539",5.23231496919385,5.08966107742262,5.0667481895991
"4547",5.04667926723969,5.06801994512966,5.14818210691732
"14373",5.13299744494559,4.89246600579429,5.14703845067712
"18989",4.91665871488859,5.09257048704537,5.06910219374036
"2785",4.93619585235578,5.03685365854338,4.98186494827055
"20215",4.93480598296196,4.95646993482338,5.22090303943474
"8671",4.86807178173575,5.10419289818012,5.07852324470249
"1484",4.87588485254597,5.00279749656389,5.13438056993207
"4109",4.91469283981884,5.25874060397704,5.1457793724214
"2598",4.92201058623329,4.97214957484075,5.14257168542933
"7761",4.99935796047984,5.05456696336078,5.14333211358147
"16580",5.00966812869807,4.90052588655643,5.18457400016315
"18141",5.03722960712065,4.92574408641432,5.14776317586865
"25383",4.88610960342554,5.18688558393091,5.16389187908062
"8096",5.06634245566654,5.08001569111471,5.16496418371091
"7776",5.32930944567625,4.96073875606815,5.11163359138297
"11282",5.08372407887876,5.04256203698541,5.12357682073594
"24162",4.8694543413545,5.14041996892146,4.93300637489582
"7410",5.03248387010741,4.92774515557818,5.12888351764056
"3281",4.9327657519049,4.9515488162086,4.94802574076846
"13292",5.12919409433035,5.15036887227879,5.11586516735241
"15877",5.03699038471607,4.90696261589125,5.20086421403952
"22444",4.8813195657995,5.22564792892615,4.96595357728252
"1549",5.08388463100993,4.9596945255655,5.13049556184945
"4788",5.05095964392882,5.07708475404239,5.16262546987211
"11921",4.90279343455512,4.79041349687692,4.90640602690462
"20927",4.94962540402361,4.86752820001242,5.08644693872246
"16178",5.04895908425916,5.02095790028683,5.00421988638177
"23623",5.01712453987846,4.94127065953708,5.05262815656909
"12685",4.77382873313259,4.78329201072423,4.91366167690087
"10706",4.94732779689873,4.9624665432757,4.94414072544329
"5893",4.87820582573755,4.9264468612156,4.98757371372156
"4065",4.96160250463353,5.23099339579023,5.28387420020205
"345",5.34743058481581,4.92262519294437,5.15432028995828
"17222",4.95843060188764,5.00048786981571,5.13865966747734
"21053",5.04917683473038,4.88791887881578,5.13398643117614
"17889",5.09813724441715,4.95676011347409,4.95953110475962
"4018",5.24461671882551,5.01428049349391,5.13828631522063
"9485",4.89074996831552,4.99748893013319,5.11166990304702
"9531",4.9235536301942,5.17590845928893,5.09746002823346
"14485",5.03056164088963,4.92761959017351,5.1854099813532
"17260",4.91218541714464,5.08705484782588,5.20881843740375
"11895",5.07474653613337,4.94895781943469,5.15449956219457
"24369",5.06235541827865,5.25006618476821,5.06239999036489
"25405",5.08585424511094,4.96301715716518,5.08100283811033
"16716",4.94267341210576,4.92715946267288,5.06475484372898
"16295",4.85417050547114,5.14390978411458,4.97455526721324
"19816",4.93679900848289,4.86517629604139,5.05847345388171
"5274",4.96782228462274,4.9603505261078,5.11902103447914
"20725",4.99208496174073,5.05126339695286,5.27794146357759
"22825",5.00556973832452,4.98319319356069,5.28688599964367
"20500",4.8525402643116,4.83146739628596,5.01857184203226
"16299",5.06655787406091,4.90781266520704,5.09930711585904
"10427",4.9080940194351,5.06010768355526,5.0419879832825
"25422",4.93967647194519,5.05447918567397,5.08984087082919
"22688",5.05303712386472,5.00218949240087,4.99056554842105
"17926",5.17209624874141,5.00073524291251,5.08382971766009
"4800",4.93836826994784,4.96466352404146,5.12612118889683
"18017",5.03495742303152,4.85893638541409,5.02173502573182
"16882",5.05971146328887,5.14623187174009,5.07561252358679
"16606",5.00476289675028,4.94431599715,5.04734983027884
"10585",5.12478869041143,5.17013272053314,5.1236451946584
"18218",4.81499306530498,4.88557303762803,5.03821211443881
"2179",5.00386728206689,4.93799729840539,5.05302594807538
"6585",4.9608254310292,4.99532671385507,5.18465258169047
"7804",4.96458105434462,4.87091109197724,5.09700504963281
"5514",5.14517160530177,4.97170471772417,5.19031986499364
"19988",4.91370240083217,4.94824115634304,5.12653694544936
"14419",4.81558427649929,4.91866987706125,5.15606503990718
"14446",5.09136181644408,5.16289376517,5.00282872497322
"11332",5.01868526671433,5.11764779846651,5.07980483156027
"3934",5.10628015961135,4.93037689557509,5.0778830101037
"17220",4.86573737304376,4.90707294972264,5.03839895589587
"9933",4.9811193223116,4.92903571959157,5.03514165357402
"11726",4.880445951126,5.01077303939559,5.17340470234772
"14786",4.88278488831658,5.07384377074562,5.14698702635074
"2176",4.98206197414758,5.1636056674747,5.08307861632843
"3706",4.9711981507739,4.92952400968199,5.12840704174491
"21775",4.88900043530489,5.08813462766671,5.19853424646593
"21268",5.05540716433753,4.94370966215772,4.97612683164086
"16689",4.95782735594362,4.80416925695762,5.07665264169786
"13113",5.12259030958933,4.93834049157822,5.02578653461143
"13039",4.74899146546045,5.04797874952406,5.13706221895389
"7694",5.20663809353624,5.07735433424826,5.07283752797653
"20160",5.18580867764287,4.95252695244809,4.89649673061329
"6567",5.10801860572527,5.12671093825816,5.12697031606291
"2696",4.93396183278785,5.02800292010104,5.12499930859381
"17377",5.13139889917368,5.02164001746554,5.0711584032929
"5311",5.12568994378063,5.09562596026423,5.14753012385016
"24435",5.0213750730152,5.05051837735637,5.05463669578742
"9175",5.13469839512779,5.08849580662885,5.07683175531004
"14767",4.9752459194497,4.90652555341294,5.12609709306745
"14653",4.87863632201908,5.10465232858722,5.08713788556089
"18866",5.04999409540704,4.88938652774575,5.33320272495307
"11780",4.96292055924224,4.98606951870494,4.99762063274293
"24165",5.30127171820616,4.76590943325491,5.1010694968344
"22839",5.28979330268161,5.14699524714813,5.00757589040579
"13795",5.00375934389154,5.08256781161268,5.14960777099644
"16326",4.86466795188092,5.04440613017522,5.03590523031936
"20357",5.03289487770496,4.99042508877385,5.12421274558433
"24532",5.10992257929169,4.93169979391424,5.03704652575877
"13465",4.95788671359479,5.01475047225517,4.97904647281076
"4037",4.81246477338538,5.00670764030634,5.10138139767138
"17965",4.97813191679016,5.08285068913762,5.12342158882315
"816",4.9863721398385,4.8899530299424,5.04342408149575
"4216",5.00467368580813,4.86280395920685,5.08337075729693
"11845",4.91363601472755,4.96511892430896,5.04542942320114
"4285",4.88021015492345,4.98803756264959,5.0215654315954
"3671",4.76579841078873,5.03072794473472,5.0870078887492
"21333",5.05668606813917,5.00872284521343,5.1763907773081
"23820",5.16288564847802,4.95310807263006,5.08060110880029
"18700",4.87209482028882,5.0482854378433,4.97963819685678
"14897",4.90154938600135,5.09920472014285,5.16908012193775
"16593",5.11060835922379,4.83746939283689,5.05547964910579
"6561",4.98282123533604,4.89404326720843,5.02251174548243
"8036",4.93975432446169,5.01678033734201,5.0290949903571
"21386",4.79539471350358,5.03437327473325,5.03560082424941
"18991",5.11241628065759,5.00633153499511,5.2099297389577
"24114",5.09365247729462,5.11060437322116,5.21063865321572
"4783",4.96636784395254,4.94005904955325,5.1117709382355
"20404",4.96028584241511,5.05705362439399,4.97274723376082
"15683",4.9072169529105,5.02468732045077,5.01064540657101
"12385",4.93918463023496,5.02941695487603,5.13215920339093
"20503",5.08896140127653,4.94377702406447,5.12284087258801
"16126",4.82385212899572,4.91669009117847,5.08736613983448
"24143",4.86301109910337,4.96904300331786,5.09009041430739
"25181",4.91520192117268,5.03664608471503,5.0309331812228
"12495",4.89643084768539,5.05152751728356,4.96953967077031
"8364",5.08921875101692,4.86376335682204,5.09334170309268
"12689",5.06458682505136,4.97571344783712,5.25294927277314
"16060",4.99635608960588,4.97396105482256,5.1926122946087
"19080",5.27404590290146,5.22496492821535,5.14711309897649
"13103",5.04022327568504,5.0055451310491,5.2482352521886
"9611",5.06408564887734,5.09554361219559,5.0662548173576
"2786",5.21598442889004,4.98511919246163,5.09970847315095
"19600",4.92164940776857,4.98794481765569,5.06936976291924
"24591",4.9456419855018,5.01696114710014,5.02204112301441
"10091",4.90303234507348,4.94481325673274,5.09660222758478
"5697",4.97477857908012,4.87144297042699,5.018505776346
"18679",4.83202137170881,4.95929908741447,5.02000642371401
"3501",4.93427594145953,4.93114181945306,5.0425114840395
"8531",4.95337591277941,4.96399203962289,4.96549203491116
"9692",4.91817747378382,5.04719943185967,5.05323700107423
"10272",4.99367214930206,4.93860324517299,5.22066822831338
"2216",5.08609752930996,5.19732258065771,5.00879036828223
"24047",4.92864161955645,4.74762637965657,5.10866505727574
"20394",4.99668171035031,5.11675405890857,4.97685278172956
"6982",5.08587160802923,4.92278166966398,4.83388117177446
"19408",5.08595910582402,5.00738094527409,5.16570580855932
"12806",4.92495869618999,5.1922223850479,5.06949016302227
"636",5.10979806118933,5.15192497728469,5.13899637281851
"25053",5.17550594934275,4.74118967050542,5.15544268746603
"22850",5.14204118421991,4.92687021991603,5.0883336030874
"13402",4.99320641747701,4.93522315665162,5.01934979175493
"21645",4.98062829061695,4.82396781487606,5.15975829171287
"3388",4.79204206821186,4.95389077811645,5.11020823072122
"14736",5.07539632978308,5.02123374075538,5.12870951511381
"4293",4.99645489746186,5.04371561266943,5.08236292443831
"10292",4.9987306898929,4.95941350489457,5.01906320905212
"5907",4.90913047600404,4.97255481847519,5.0354873400684
"13818",5.22205694864122,5.01005339204509,5.10798497570515
"24355",5.13460015564358,5.06578200365287,5.05810926326944
"655",4.998656909797,4.98923774810076,5.08975583653407
"13665",4.93220293426889,5.05319935356959,5.14309143862185
"23568",4.9954910360661,5.08933854323881,5.04186981216987
"192",5.26378597830581,5.04188986035613,5.12823393638287
"11318",4.89551552781513,5.15390196402709,5.15092260425041
"4146",4.9326216294801,4.89330382240947,5.06210127279807
"10532",4.95480095416371,5.02064029982347,5.23445484316888
"24855",4.87691797974859,4.9037252374627,5.10987782452187
"11388",5.11950524879608,4.96893476475645,5.05697524263644
"3491",5.01834951887721,4.92690677538688,5.00723247662908
"3098",4.89622509909808,4.95380899618861,5.12061912739469
"17508",4.88567008437874,5.09439396331482,5.05929020510833
"16145",5.21721591898307,4.95308638259373,5.07412346890708
"22832",4.76679733241943,4.91809050417917,5.0328867271048
"24384",4.80265515854765,5.00521257986151,5.12659747939396
"20351",4.76342427375137,5.05617924609135,5.03298138671717
"17424",5.04478366007532,4.83284540708594,5.07140611083348
"6836",5.08099062922975,4.98054128793188,5.04163311797218
"4916",4.95716361217371,5.20741528807409,5.1474524445915
"22255",5.10712774713027,5.04749419512152,5.11520882218101
"1443",4.84140310646921,4.92102534741513,5.14098459727041
"11091",4.96638392015253,4.84168642071055,5.12681727285322
"24756",4.99703933473028,4.91628944527415,5.09965453473037
"13935",4.98397823461111,5.023150871678,5.03376749247001
"9582",5.06980059262563,4.99834747760145,5.06321681618993
"8924",4.81302802146533,5.09813081592389,4.93115394563274
"8908",5.05595855107545,5.03009631914265,4.99916031158674
"13585",5.04874134199021,5.18006148682962,5.06407767928271
"14600",5.02861288260191,4.95616693920508,5.14037608714176
"6552",4.90680069234408,4.8889545664346,4.94792743620931
"14604",4.82996727336848,5.14050650053276,5.00714797174906
"17096",4.90613182146197,4.83750136562046,5.05388864014522
"5260",4.89111070756283,4.89373522985973,5.14448310764241
"9102",4.95468433022859,5.04481086715953,5.21251985078394
"670",5.09601680843847,4.97110282228554,5.12083314265134
"17723",4.75429708666988,4.99921140099891,5.02182372658336
"21987",4.93583755728341,5.00549685169989,4.98840283664198
"349",4.85845777985726,5.02227806530862,5.02104062050805
"12294",5.00215600892914,4.89188942039694,5.12132440921442
"23016",4.9385753908821,4.98611616403891,4.96923936237153
"24611",4.81360765098541,4.89331821172012,5.16514382866727
"6929",4.96888528506352,4.95997045275608,5.0507445857385
"19269",4.95215912863701,5.04726458551015,4.91126925049905
"9648",4.92421967419556,5.07617773281443,5.02194921409564
"6207",4.83334944937056,4.90818582921475,5.00091106153039
"7567",4.95694633743429,5.06236892104489,5.1512207125219
"9156",4.85001531440642,5.25819437413205,5.12222525805481
"23052",5.06889742588466,4.87464165010534,4.94027292493673
"19387",4.92855558562104,5.02985199199871,5.09419277311407
"19885",5.13787174341629,4.99768847321005,5.0512511226324
"15904",5.08074516163036,4.96366536529882,5.06575816238587
"22984",4.87818233591952,5.00000517429477,5.00632299959307
"24711",4.80658354790635,4.92259682578532,5.08408422958142
"18632",4.90473176332675,4.86849261229353,5.01151928563178
"10622",4.90041579270705,4.85327958009551,5.05809705478264
"17545",4.99385776715238,4.98127439295926,4.96342130611157
"4202",5.24570361856522,5.09331584232279,5.1487744094345
"21523",5.04847781854861,4.79385232386865,5.05417254999341
"16367",5.02324297632986,5.00350713218447,5.00327378445403
"4274",5.13450078555944,5.01295465415693,5.14717006011711
"11475",4.93846635629995,4.89112898943445,5.07199529455156
"7273",5.05727018010303,4.85110807672175,5.07358513366219
"4629",5.0513310096001,5.03398394181211,5.14487242696466
"23486",4.78158769083347,5.04786258134717,5.0413544082275
"17478",4.85875792761174,4.99735759873975,5.09053515225915
"5851",4.98609234809961,5.15611470859498,5.17074060446875
"18429",4.79775870441801,4.78270135893777,5.01406964899732
"12384",4.903826664208,4.92040867425615,5.22012429738406
"17259",4.83325121122251,4.86783135089832,4.99386864506238
"10300",4.94101428844993,5.02875906947235,4.98315131268116
"5644",5.05697026411486,4.81767418410488,5.03371706194045
"968",5.09742889105713,4.88753150898047,5.15806285554318
"21582",5.12379052575617,4.98735939590243,5.06133729164443
"14631",4.85212148773296,5.01881776026425,5.11371810384743
"22843",5.11537793545804,4.89600180173718,5.06533007820103
"5775",5.09404524223701,5.0267162183899,5.1043105440314
"7477",5.01924736892934,4.93787520055984,5.04744778539038
"9046",5.09948800598747,5.03652570143545,5.05148501763872
"1603",5.02323320749207,5.04809865900636,4.9508019069065
"18932",5.28089721988927,4.96225859775516,5.08911703782358
"12253",5.03239379401472,4.81290612356581,5.19626926174349
"11675",4.85928244294127,5.14809052506199,4.86847286940392
"18330",4.98499633286005,4.85460464403028,5.12376696325996
"9846",5.2194220283065,4.96661667424278,5.15692651218134
"5629",4.83604082736409,4.93409184519025,5.06202202615505
"10635",5.05327500554424,5.06784146914525,5.04356991777988
"22018",5.03229829693937,5.02559833532139,5.12560281110273
"19878",4.96862053395416,4.87639184841448,5.22054138810366
"14425",4.94846255759041,5.10156786771721,5.01915043845057
"16590",4.90850090023903,4.97257631997628,5.10565135595856
"6443",4.7490452099419,5.03141215071063,5.0188272876028
"25312",4.93398213243177,4.89003230594039,5.06817212352809
"18306",5.1588825586028,4.91125063095041,5.13639037666054
"6750",4.90402162314147,4.92868261702796,5.08042401828489
"21470",4.95302578516819,5.09693968713197,4.84344482016021
"10009",5.00948085922581,5.03039536092596,5.0746822103843
"18198",4.90333776636057,5.07389473576044,5.16049927885275
"14232",4.96822843327181,4.90803943749077,5.01912215733717
"18064",4.95882936999402,4.98938974471069,5.11768337571387
"12172",5.0119721152587,5.01733601866645,5.05012218378599
"21904",4.8749102971009,5.05760226808164,4.95092642174504
"11419",5.01612450424638,5.06789523963982,5.11385934956805
"22354",4.98469702618762,4.9562488087691,5.17411348332708
"22266",4.89393934950453,4.98877485746921,5.03411252668789
"15888",4.82519982785139,4.81732945299871,4.91290910529093
"18257",5.03418435948597,4.89867980389853,5.07044326877299
"16444",4.94456916591666,5.10169541108772,5.06097637854354
"3383",5.02748459194719,5.0439632663874,4.91419179470929
"3445",4.78911436005962,4.93924547568733,4.97781946095089
"963",4.87490383173612,4.94584651294427,5.04806136751162
"25083",4.91697521128973,4.98304352544394,4.96697558555555
"20462",4.99811821469403,4.84659240882635,5.00001118718873
"1903",4.96266390713225,4.80669936489258,5.12200516244129
"17903",4.8854854686376,4.95139284554463,5.07812738941679
"13310",4.80154066085792,4.91054800745336,5.00222671922354
"12444",5.18397334997208,5.03703290655485,5.1496216807428
"2026",4.85532626290527,4.85229045611143,5.09077792852595
"11959",4.98007001457714,5.03582196422148,5.06233011935577
"19204",5.0116636517227,4.9385914180407,4.97244933322286
"4889",4.84174227338374,4.9883324101502,5.16102025342478
"10861",4.90291789486691,4.98900999290488,5.01309751020259
"847",5.05225468477159,5.08464923866806,5.15252268268703
"7111",4.7908314939076,5.18403649588348,5.0641742342625
"20175",5.16919885956849,4.88708281547368,5.03639711671907
"23694",5.29629655932009,4.88726587831651,5.07188423631659
"17293",4.9237257876418,4.99417742898198,5.0700769832577
"22011",5.02123082938748,4.74944200411251,5.0913601673493
"25205",5.01194528961898,5.03232812475418,5.19045774545379
"8574",5.24939706610435,4.86598210919948,5.22037674328834
"7009",4.89256555609362,5.06963509185072,5.13624686645368
"5661",4.8779820684931,5.157321050538,5.31733667336465
"17080",5.03289487770496,4.99042508877385,5.12421274558433
"8147",4.82312759997608,5.01509545042756,5.10989372558173
"5464",4.77286267802818,4.98024624370731,5.15519783085345
"18733",4.93448277364139,5.15264556623283,5.08840879975055
"22644",5.08752560494717,4.96380493489718,5.06706563481967
"16038",5.11274390356438,4.79893227058257,5.0493808999405
"15980",4.87653455991644,4.98658859632969,5.03082110515926
"4229",4.90556178824487,4.89818369585941,5.15687655652882
"10134",4.99107382126627,4.98182386276917,5.08620014763212
"7762",4.99275383220578,4.9006402425999,5.11769998882636
"1211",4.96201877727764,5.02072320876743,5.05310968728061
"3908",5.13859760304113,5.00454278996337,5.15691146338291
"15528",5.10503345987401,4.9938261800036,5.12612104803165
"11259",4.86142660978134,4.79711562323545,4.96836966267814
"10511",5.08032074159742,4.90811654939182,5.16191910125379
"5468",4.66050187606683,4.86198150391716,5.14708005372406
"1557",5.21043787920691,4.98790787760409,5.0829066741296
"3428",5.053983186768,4.97375950528275,5.05104274618338
"11742",5.06877088200159,5.12946402770194,5.23144459237437
"4958",4.88586526383259,5.08749284679764,5.16876018778436
"3735",4.9503197435155,5.05284125230035,5.19944217862943
"20252",4.97111059743024,5.15905938456763,5.12067563483941
"3266",4.77775513352985,5.02996790415379,5.04235889799634
"24207",5.22979523479326,4.96903439169174,5.05424893333872
"22692",4.96361710724242,4.98798519231872,5.00535141293387
"14205",5.20030008808367,5.04864018459455,5.13076582354464
"24030",5.11949283696886,4.8317131097834,5.0245989272996
"4516",5.06473083234486,4.96540517580228,5.01396561710057
"16149",5.09320524894851,4.92267617065331,5.07544282859838
"17587",5.17626025959423,5.02399730506749,5.14746054641376
"6817",5.18416706265148,5.06389242163005,5.02153874734072
"22287",5.00468129509209,5.00254768724503,5.03304215306569
"4147",4.93840676473133,4.98460767966431,5.10506784747596
"7318",4.94130858234097,4.93152041619505,5.10822804815105
"1414",5.01339878468289,4.95241950063953,5.04983486755337
"16587",4.90764774203884,4.84012853998433,5.0506398079849
"2174",4.85384354818214,5.0146038137329,5.03777200286242
"8193",5.09361389040677,5.04238580882869,5.05899421135331
"2061",4.83556812920901,5.13596627506189,5.12316066781113
"3402",4.86874278770152,5.10439408311963,5.05411342666442
"1266",5.07807235198122,4.83360883702179,5.15823998432045
"1611",4.81776982948178,4.93466459749502,5.06779414937346
"20979",5.00335157633412,4.95770596391636,5.04647676480228
"23660",4.97019232559464,4.9431321381544,5.15689473892405
"21910",5.20866324534507,5.13032124544622,5.16027967036709
"11435",4.94913771912246,4.90440477416878,5.0399209712801
"1996",4.8040851278191,5.08466201279581,5.03630143893621
"21464",4.83105811831703,4.76064072035097,5.1449066677562
"21524",5.11906954082141,4.89803081408008,5.26183186218786
"16696",4.79078947183578,5.06238092439678,5.04322258560458
"6000",5.06512123309754,4.89819197937986,5.02256306056038
"14252",4.97387396629839,5.01877128310417,5.16376716092635
"18419",5.1969145420073,4.90125233671341,5.062654214057
"23530",4.92620678117681,4.9329439930607,5.10267576885245
"2440",5.0242484009397,5.11704751623151,5.08689324496343
"6391",4.97124747622579,5.06650390445438,5.09805104515194
"18211",4.93828190211898,5.04238753729313,5.03665543285942
"14202",4.88872961436914,4.95942337008165,5.105745601315
"10717",4.97677805545353,5.24203880934684,4.97627896610965
"3011",4.98979291250528,4.85156210264096,5.09953997223813
"5031",4.7463036056032,4.98996721547885,5.08211265798053
"8006",5.02876135072058,4.85127470182788,5.21672188841248
"8112",5.12053761905518,4.95688423590611,5.0235964062106
"25237",4.90498894339391,5.24361989472965,4.95642240598096
"4476",4.90704466078433,4.96278597551348,4.92930529575631
"8106",4.96843556537476,5.35211894743185,4.97486475636142
"9331",5.22719625443938,4.94728105580762,5.02102639938475
"24796",5.06089334392842,4.98821333712907,5.22434916443377
"7968",4.99046149192611,4.96332314015305,5.07567335105673
"23022",4.9775746316408,5.13365289176283,4.94647909822913
"4388",4.88793599246733,5.03796514246798,5.02665758868691
"20467",5.04061303431052,5.04340363428092,5.10593630605975
"486",5.08439480375196,4.95131506228811,5.03303708634165
"10955",5.19794536712344,4.94413745322849,5.02969423661697
"23046",4.98357147931884,5.00548316397697,5.16540195536853
"21915",5.10773553968484,5.04016239761889,5.0368502823527
"20911",5.22951901624924,4.98150254159984,4.97691469476958
"18916",5.23129403026965,4.8649608672739,5.19570546748395
"11878",5.00220732923005,5.00454821864625,5.0721487519733
"20001",5.30205268291905,5.03625315904939,5.12203791205068
"19184",4.91344642730841,4.96488234618842,5.09250259337216
"22637",4.93431791313435,4.96070623976048,4.87309277976326
"16273",5.00044026458359,4.94486831096901,5.11896761463341
"17868",4.99834351905174,5.0262797434843,5.11566099636387
"14565",4.95109081577662,5.1103068978383,5.13169747137927
"9259",5.08222019195222,5.06900967768409,5.11175761696706
"14783",4.95740602067043,4.85086520200586,4.9288635190391
"8238",4.87122885228719,5.00940697233832,5.20025247435166
"5087",5.16119726080349,5.0246205350681,5.08453171403487
"11050",5.01613870833435,5.01888497646627,5.1581316799784
"21480",5.12918717666724,4.87207254410782,5.06116611160528
"21596",5.04091097326693,4.80498493214498,5.03925310807781
"1859",4.86014678571862,5.0262995765053,4.93346955669654
"21158",4.8203308080859,4.99531282252693,5.06647023622195
"10889",4.86763466116542,5.05926448972633,5.19967848756547
"3415",4.95042070812585,5.19684165807698,5.20000114572131
"11696",5.06336796526439,5.11856671485076,4.95226444713283
"16239",4.73463138236887,5.03830329642076,4.94199411835513
"7288",4.97993771100349,4.8498881853956,5.12168149770542
"17363",4.97465066236545,4.95686577951805,5.05289630251005
"11910",4.9466099096375,5.18541488342821,5.14617707904079
"25020",4.97838219091106,5.01555311607048,5.04583858489409
"11180",4.89224939935397,4.98598298256217,5.07284365698934
"17793",5.07663212835091,5.05603625506978,4.8870300313055
"5821",5.16799795853633,4.91235675296697,5.15603444735247
"1320",4.98538763891482,5.05597905385971,5.20238211143941
"16236",4.80328619508469,4.91544007389774,4.93201894735685
"24910",4.77941668889332,5.05182212276594,5.00041341061414
"15678",4.79495242125268,4.86342404736458,5.02588218252792
"2178",4.93886646786683,4.93904564421085,5.03843746910939
"17871",4.86974375125962,5.05480303727465,5.02784129992798
"21839",4.80691910655187,4.88569194348024,5.05399984614245
"2997",5.07587614038682,5.28393085900803,4.97487655226124
"9239",5.14463016068572,4.82722484895638,5.07916468001893
"24675",4.87344375903078,4.95387655107904,5.27206844091418
"18502",5.00005972295688,5.07992326701121,5.11264712205238
"5798",4.82803017110049,4.89772253470864,5.18727825601625
"15142",4.95642340248305,4.77114684329971,5.04555020917681
"20887",5.03316813720853,4.97317504014445,5.17760376243926
"20941",4.983176134462,4.90734824012711,5.12111731688625
"23239",5.17703986187653,4.92888605711789,5.06855690184139
"1635",5.02537307461899,5.08399273992549,4.9395048681871
"9909",4.93011610214594,4.97698000882823,4.99973954435633
"18594",4.83871079195362,4.87974441921711,5.0953667096585
"3512",4.76804036424907,4.91040585107602,4.99645972249642
"7360",5.1353378584657,4.91530501897365,5.08735373694884
"1389",4.92060212522353,4.96257022247334,5.13035702581447
"7850",5.11500026381902,4.90755404532361,5.1840373670421
"23879",5.00937082570565,4.929535233949,5.20909067530103
"23759",4.93530629452647,5.0554041493614,5.08815312968092
"6959",4.98563476535276,5.04264858270272,5.01410239756106
"17423",5.12481322336151,4.84558862812352,5.04333546348144
"7460",4.98826671461612,4.95603129317854,4.98337210054928
"16592",4.8751467335207,5.00809045957768,5.05397482956523
"1328",4.98445073268589,4.97839472698894,4.98627094128161
"15375",5.09287499391044,4.99079213575404,5.03972998578746
"25174",4.93892410586748,4.95078006898248,5.11659796673774
"1321",4.88205259044481,4.99290543381187,5.07697463977598
"18038",4.93754489232126,4.9561000551532,5.30542781207064
"5092",4.96264793200159,4.86921714129037,5.12242105293456
"21656",4.96512307743007,4.83882016324638,5.0935643021331
"2787",5.05575617819495,5.06060008816939,5.08308590315905
"1159",5.03949284970523,5.05113897466291,5.1316731771018
"22640",4.87866590473002,4.99209631290251,5.20093122916833
"15425",4.92784764412055,5.03516205222221,5.04121669499185
"16112",4.90961497567477,5.06224797069302,5.01128266212304
"10576",4.99317659457588,5.13368293292505,5.13769470609702
"5078",5.06515484733369,5.10840281760855,4.96803758874078
"25364",5.02302717907158,4.8021685536363,5.1481942719203
"1218",4.84491067891567,4.94981230923797,5.10844074109063
"12018",4.93207564085887,4.9203875749417,5.24892951810969
"6362",5.11175816461221,5.00908459898086,5.11353854113961
"4647",4.60337915894856,5.00001483618813,5.08258410713974
"9091",4.91140847647443,4.93443861254047,5.26180915281233
"22547",4.9550409524724,5.03919259845847,5.01002103455423
"19337",4.99823456074378,5.11722655759531,4.990050704311
"4417",4.95534147372753,4.91013982561526,5.00619954066612
"8691",4.92373675076638,5.11510342356787,5.07577697444008
"23294",5.09958598588909,4.79211798975014,5.0893851993872
"5838",4.7169269232584,5.06197956113636,5.09221056321277
"20254",4.91146539146084,4.88727088786696,5.16320867575268
"18485",4.95284268843398,5.10731561867559,5.12455536649055
"10735",4.76160770782762,5.12489634576696,5.0995373333777
"14213",5.03789568467979,4.8755525539342,5.12611778405048
"9703",4.98066354770602,4.91863272199746,4.94488490025438
"2476",4.94135185422469,4.919803371402,5.05314872773716
"24262",5.04237938128781,5.23243033594482,4.98650588914353
"23437",4.95452249470295,4.90806756908973,4.9632483633436
"22947",4.81201192860721,4.79761389908838,4.92032827742575
"23297",4.99894984122638,5.03767821669783,4.97668074440669
"9118",4.89681314195674,5.0875744014683,5.11899808704406
"17620",4.94774331333899,5.09282485814722,5.08571583198893
"11243",5.12600590814633,5.01548950842156,4.9602014536224
"23609",4.95665444185212,5.13712474031354,5.15450975030503
"21637",5.15156786453987,4.82039828978232,5.06254570259715
"14617",5.1642737463838,4.94485665372252,5.07897740231948
"4754",4.89147256214958,4.92955556007059,5.09164282878436
"25265",5.06176721722084,4.9542495855991,5.06540626515559
"17431",5.03256884789713,4.9383290439118,5.04569392996393
"8397",5.01723775572971,5.05470196262966,4.92587662274459
"19231",5.00554490016439,4.86657350737189,5.05933041422434
"9535",5.14649730581492,4.92702764466471,5.18247026839294
"20227",4.98756747452011,4.9078992637,5.03987136627619
"11837",4.96107684337356,4.93576761561211,5.21112856363498
"16732",5.12163558160671,4.90569795975754,5.05595033000102
"8843",4.68370737798676,4.99105326830018,5.24798570903036
"10250",4.93059840579358,4.95839166338821,5.0677320789761
"9180",5.01436427210102,5.02714917528802,5.17179934937393
"11929",5.09120666183676,5.06014917163411,5.11419243402704
"22710",4.91871865459988,4.83790010836112,4.96498817612068
"2041",5.10147532466993,4.99254767330987,4.99618137507983
"10154",4.78651147609957,4.99866804343882,5.07018429161161
"14577",4.90936272579321,5.00727209856679,5.10844086869258
"7672",5.01946672144768,5.06679112796113,5.11789040973982
"21251",5.06784984265344,4.73730012786391,5.14063113773261
"24791",5.09199422874172,4.8927639819824,5.03941779318356
"4162",5.13015247295982,4.86908673777132,5.03852422567124
"8177",4.96902912193976,5.04325557685605,5.03015232377917
"2869",4.78473546563212,5.13123003555867,5.09482330543556
"8151",5.03995215825323,5.02525319064619,5.02552941716284
"8183",4.68774026576884,4.8807653574892,5.15560454527804
"1812",5.01427665075585,5.14254111810167,5.14805195871025
"24714",5.28045277187067,5.004240984121,4.93498993463939
"15058",4.90848248131195,5.05450705807359,5.1016081346975
"10528",4.86144919702438,4.87225000172438,5.13614015440992
"17740",5.13858837971903,4.84365071933753,5.09876869949933
"12718",4.89657154376165,4.84238645925706,5.06073027112009
"12634",4.89145511599804,4.8615346635,5.08845908895553
"9121",5.15221464158458,5.05964560042059,4.97332430835207
"20315",5.10767223954144,4.78447668130612,5.11093548537546
"19668",4.91783859140815,4.88829535311011,5.16301944602043
"14802",5.00927541564185,4.84643785701293,5.24619058274949
"5997",4.92942442434791,5.00685451575345,5.0472731489943
"13174",4.98659695666199,5.01780557990089,4.95460899169936
"14175",5.02040174272995,4.87240170392145,5.16214683114029
"12962",5.11927256939471,4.97959332359613,5.04451448821185
"5445",5.06468675279353,5.03310439567133,5.13479926927483
"16214",5.04128195711619,5.17277335373841,5.06655447605487
"4844",4.84430993698529,4.89464661943957,5.08309118698831
"25112",5.08675277880134,5.09191154075523,5.14460976304239
"11165",4.91896765729531,5.09323105710085,5.14402879321267
"3763",5.01954104297405,4.91467296387766,5.0227443902617
"5796",5.02516545314447,4.9906936269642,5.10511433398296
"3656",4.9986540912795,4.97609102693555,5.04239594806482
"1827",4.95364608611176,4.99113624038013,5.08672550406671
"10788",5.11032183598824,5.00123522062937,5.04993980482054
"6012",4.86111751719437,4.91806566061681,5.09397531725989
"22030",5.0676902550162,4.93010395494935,5.3284976977366
"22046",5.15287060442433,4.9685345584367,4.98694509013807
"17535",4.92634442984823,5.05856843844051,5.14741167602738
"7247",5.01356464973431,4.87462626252456,5.04644824632322
"9643",4.83387694438392,4.87177334309079,5.10366246751649
"18643",4.99793616188245,5.10094336259399,5.06844768884396
"5417",5.16707495578119,4.9677040945282,4.95234261509401
"24405",4.96341107151679,4.89038292950032,4.99390786419524
"13622",4.89105117078506,5.04900283404034,5.1257655828129
"5562",5.03355547329691,4.73321426680512,5.06132435331217
"4621",5.10842375751176,4.99288746245444,4.99072077227517
"1725",4.93806996641925,5.01153177753687,5.06491587291967
"52",5.14369507735287,4.84778095760019,5.06748539324521
"16301",4.89971947361436,5.10025271489317,5.11768876126643
"7012",5.02801470300197,5.09169167459288,5.04359585348779
"19782",4.78203914381835,4.92162112379158,5.16872541967502
"23344",4.95860925233412,4.87724005744326,5.04537399427153
"567",4.95271029465143,4.96300588781488,4.99511464772134
"17376",4.69155202498054,5.0522829825632,5.19995387407609
"5383",5.0454699234096,4.8520968528344,5.16675351571325
"9257",4.93194864442445,4.97442505033472,4.98197799470943
"9456",5.01622471289994,5.11169196065742,5.16382930646993
"8699",4.90356545282054,4.95797506239753,5.14849186706546
"9184",4.94510481402682,4.97558540947196,5.07428564771787
"13624",4.83232742138648,4.87666778146764,5.1554650923482
"6408",4.97951823130932,4.99390351982747,4.95866339595328
"5108",4.91421740949141,5.02856088371224,5.02746029522777
"5677",4.98029686627623,4.88064659453252,5.03510409746828
"10848",5.00755481743929,4.80872739452727,5.13639901535382
"8999",5.12272012111587,4.8200278776534,5.12152317242184
"24638",5.20361629491841,4.94816321670128,5.22714853737722
"19762",4.61926392817756,5.31420755338999,5.05115884469226
"21014",5.06519461446866,5.11003384626909,5.03747556272187
"17207",4.99799530749593,4.97408566427919,4.9841818585213
"13034",5.08318329228665,4.86731660923898,5.20162776289394
"9010",4.85883997569476,5.1436768288664,5.10910904062221
"15328",5.03485842526961,5.11443388638821,5.02510708162473
"433",4.89229653570955,5.05744459505733,5.01089424232102
"15700",4.79499491686861,4.95667908484025,5.11438498089836
"2029",5.0986244004889,4.89055901957508,5.06396075365034
"14288",5.10804321521213,4.94673243825877,5.06281143787848
"21211",4.98685422907209,4.85457469900427,5.09495802978538
"1640",5.15322432228005,4.83848867314127,4.91563700275014
"22852",4.89511331627781,5.0905548806427,5.14529385219877
"13267",4.97348971058168,4.8898224889074,5.02616651680924
"13905",5.11616253731705,4.99781915963482,5.08792458236583
"24340",4.95188020968151,5.057205390696,5.02037847411696
"664",4.94751787364366,5.02349302620736,5.06756861523001
"23098",5.10438893769363,4.87916943523492,5.09995640851124
"4839",4.87150466632837,5.22744873132503,5.09878844625488
"7517",5.10893895895593,5.05176399653958,5.13653656075885
"5332",4.91874297860323,4.85130961842383,5.14589382038561
"6190",4.84390108218946,4.93560378850246,4.94118350745259
"2883",5.2062019529576,5.02069010545762,5.00918018292288
"13851",4.87880285064312,4.88921373968091,5.16421871537939
"21417",4.76204614472818,4.88216806125375,4.96454861314625
"10269",4.94118958563702,5.05966970249586,5.01761867268518
"14686",4.93789250621493,5.11598249308077,5.10669030021886
"13127",5.02446881793781,4.83572340432092,5.0399796896645
"12918",4.8099993519813,4.84212819082346,4.90576760817541
"16096",5.05078764565381,4.97392548227824,5.07547757416881
"649",4.89272060676274,4.94343964144144,5.18739512678044
"4440",4.90292647254231,4.98910843501622,4.97654631025162
"7463",4.75255022723482,4.89567352112674,5.07641356217826
"83",4.998265815963,4.96672417209636,5.08241139163654
"3881",5.03444374068595,5.0993957369623,4.99522360487093
"7179",5.07921538184802,5.13263950166538,5.05329141834228
"5492",4.89046373771466,4.95193859182437,5.05005017575932
"398",5.02738354033114,5.0369568371215,5.23888598023496
"6145",4.96682293100793,5.05172842734778,5.22174543382609
"21574",4.81124009190943,5.05344477148463,5.04722310105236
"12004",4.93290369646938,4.78951885124819,5.002609031379
"11741",5.32954651076711,4.95321068807742,4.92140587557178
"3826",4.93106839911246,4.93529792749356,5.07662716115471
"242",4.91380393114241,5.02678608226058,5.10577897653208
"8113",5.05491023619073,5.03363799278422,5.10848302686188
"21953",4.87810759810957,4.83506741643008,5.0523898648687
"10923",4.86060372073122,4.94117279513563,5.22016394657974
"14064",5.22024760270966,5.11234422088557,5.09041480742991
"4505",4.89847840437368,5.04650240376129,4.96161952259036
"4508",5.03989681117735,4.80988854980867,5.15905464154135
"18124",4.75759749475499,4.90653318079593,5.04964417268813
"17382",4.87142963746112,4.9227954054926,5.06179622279813
"22874",5.01048863209069,4.93823111783228,4.98822778675047
"5889",5.06594883774972,5.06729722817002,5.21210562151093
"3083",4.88601809055737,5.08769949029974,4.97913926422561
"11383",5.12092057277761,4.96705235457268,5.05760416784283
"3603",5.07505525758917,4.88856916368517,5.00928615571501
"24252",5.17346995150946,4.95668007448685,5.05750628142333
"4340",5.12352115277269,4.96694698660573,5.03084212854011
"5962",5.07286944689796,4.90476693155495,5.0605303982571
"8159",4.90157961763264,5.1914000798752,5.08392679883098
"310",4.91279681945521,4.76772801743715,5.16038433162513
"19083",5.0880679287485,5.12543193185625,5.00744098489077
"14322",5.12565585216539,5.06758597442285,5.02367459038816
"14405",4.94032844360258,4.94552241851576,5.06304625820461
"23375",5.1509762708839,5.10202908548053,5.0341286645219
"1098",5.14837345342056,5.04755155563382,5.07148832745132
"7569",4.95603734818609,4.96981193076932,5.08346153135345
"5024",4.88470782734247,4.8484868205117,4.97639092313476
"12395",4.8182135632873,4.99844618573779,4.96191449864148
"14854",4.92500172575747,4.89075849051604,5.15812508183287
"21298",4.83746750890646,4.85490345762124,5.03654195757253
"24943",5.01838129516426,4.91112272992817,5.20715288824252
"10630",4.83952110976629,5.06671193046211,5.11084747233017
"19393",4.94980700538053,4.92345693502998,5.18406145834106
"11503",4.98071449908895,5.00061828691364,5.00193950589393
"15527",4.9094314258661,4.87024917818816,5.09702217579932
"16764",4.86401855740058,4.92814931047706,5.12701438011906
"2567",5.051732498842,4.97043775971648,5.10248771309525
"16315",5.09971622937034,4.99194761362533,5.10385740304812
"3296",4.90035288452896,4.99471447116216,5.01700382499933
"1290",5.01852360049875,4.91752455405787,4.97333613235636
"11914",5.13868316417682,5.18738371541033,5.00549288148746
"24799",5.15838761672153,5.01556095674153,5.14980789935337
"15646",4.9331067209974,5.28361011568526,5.08763855189589
"9202",4.92188966341049,5.21810150444305,5.02369827361551
"12011",4.83125059092617,4.97641029952188,5.06687363389887
"10973",4.84129532523928,5.12797288855813,5.06073305695646
"5252",4.9092783467276,5.16028962884204,5.18271009085457
"9895",5.06601271861071,5.07106171456843,5.08255766195084
"10053",5.02705586071216,5.04380261164693,5.0491259464534
"18631",5.0620421848962,5.1485655307515,4.9692859761156
"11430",5.13560440267918,4.98510325456187,4.97692058797416
"22077",4.92456412009486,5.01635124282915,5.15293473782492
"14434",5.11530556037165,5.01643939867341,5.13523000836962
"3270",5.09190191802733,4.7819146147918,4.88981520512085
"3736",4.92571815187001,5.09970410595389,5.09669026548895
"8961",4.994580321981,4.92455182035766,5.08362326968513
"1966",4.96914705600107,5.03341822524888,5.09737516316344
"18752",4.90077383847107,4.93034681922937,5.04608211584105
"17990",4.75918168201543,5.19587313237768,4.934751733508
"10762",5.07299683986175,5.01821321295389,4.99893413720373
"22939",4.92496054260738,4.95775252256363,5.09705764651328
"20527",5.00062372245272,5.0550013792901,5.16614177742436
"6787",4.98635169309143,5.11537249867839,5.138876911509
"14464",4.99251732933348,5.0785494557113,5.1347071374821
"22998",5.22930274911888,4.81272499543607,5.15304943591793
"8704",4.88160026837299,5.17062953481245,5.0660486230063
"911",4.89774073224492,4.93069588722699,5.08637656845224
"13070",4.9037653170669,5.05572983561403,4.99749980808307
"7590",4.95698646041376,4.96223035013998,5.04310094753825
"16026",5.14124944794831,4.86890801901643,5.14008508077769
"23025",5.0643532531677,5.23315876165663,5.00911984986367
"1135",4.87214172209685,5.03007974604409,5.16776927586677
"17188",4.76979936783955,4.9205054207768,4.92595758675057
"21475",5.25778319689006,5.07301527577176,5.10756006780442
"20728",5.05710935522307,4.90021670873631,5.08494292692892
"3175",5.15944897176345,5.02572445703084,5.08131944598607
"17942",4.88765557955505,4.94555963660123,5.05324432000302
"16079",4.9822689271225,4.94162595789837,5.19645314222137
"10858",4.90928911548086,5.0945851407413,5.02952454754748
"14168",5.14210399283091,5.02645758667592,5.09212433458179
"16188",4.8155551587264,5.07746340248904,5.11985083333612
"11687",5.06120790873604,4.93487637319616,5.04357612247343
"17585",4.96113643267017,4.93860059107836,5.18634686389767
"16563",4.95648494852986,4.90813981241119,4.9896858067242
"3097",5.07227840896534,4.98753066824444,4.92471643161513
"8637",5.10690000069101,5.00628770777,5.0149252851496
"20343",4.9756538530717,4.9372441197439,5.03590353210976
"2325",4.94476282263973,4.89584406140206,5.22495598790476
"10713",5.11944601239049,5.04606848971251,5.17088258551075
"11185",5.35934636691413,4.80796708119575,5.04555148640061
"20200",5.1614486359942,5.08536896395531,5.07229087022809
"7473",5.18726654211124,4.78583256032172,5.0793092349799
"17815",5.05139827095261,5.12947493475267,5.08287690971687
"2582",4.77872193785979,4.83228411303873,5.0616134572473
"3734",4.7860615106117,4.98584083764318,5.104140779814
"23171",4.89563244466224,4.81736626346823,5.13717530351367
"23932",5.29178816254992,5.02612516537707,5.12511222707612
"2583",4.8117045546958,5.08496936710623,4.953760556459
"1754",5.01040033885814,4.90289109561795,4.92633233405267
"9108",4.96485744301326,5.07349722179799,5.02254260615426
"22767",5.11087951799746,5.04480326824412,4.89541983968761
"24658",5.32383648607175,4.74863346276268,5.18495212422377
"11972",4.87790310638549,5.01405645203498,5.06208459144169
"4887",5.09612831035461,4.81694658679626,5.11205648670076
"10153",5.04621919276794,5.14454849578221,5.11787727375584
"13416",5.30793391767286,4.83990554505372,5.12413344254579
